id,tool,context,text,mw_ny,ke_sw,tj_tg,zm_ny,archived,zm_bem,zm_toi,zm_loz,zm_lun,zm_kqn,zm_lue,mw_tum,country_code
budget--activities,budget,,Activities,Ntchito zakumunda,,Фаъолият,Zintchito,,Ifyakucita,Zyakucita,Misebezi,Nyidimu,mingilo,Milimo,Vyakuchitika,
budget--addcard,budget,,Add Card,Onjezerani zochita zina,,,Onjezani Khadi,,Ukulundapo kadi,Amusanganye akakkaandi,Mubehe cadi,kusha kadi,bikai kikachi,Hakaho chitupa,Sazgilanipo chinyake,
budget--addfemalemember,budget,,Add Female Member,Onjezerani munthu wa mkazi,,,Ikamponi membala wam'kazi,,Ukulundako membala umwanakashi,Usanganye abamakaintu,mubehe membala wamusali,shenuhu membala wamumbanda,Bikai wamukazhi,Hakaho membala wapwevo,Sazgilanipo membala mwanakazi,
budget--addmalemember,budget,,Add Male Member,Onjezerani munthu wa mwamuna,,,Ikamponi membala wam'muna,,Ukulundako membala umwaume,Amusanganye abaalumi,mubehe membala wa sina,shenuhu membala weyala,Bikai wamulume,Hakaho membala walunga,Sazgilanipo membala mwanalume,
budget--balance,budget,,balance,Ndalama zotsala,,Мувозинат,Zotsalira,,Ukuba pakati,Amusanganye kabotu kabotu,kubeha fahali,zhinashaliku,maali ashalapo,Pezelesa,Ndalama izo zakhalapo,
budget--budgettool,budget,,Budget Tool,Chida cha ndondomeko ya ndalama,Chombo cha Bajeti,Воситаи буҷет,Chida Cha Bajeti,,Icibombelo ca ndalama,Izyakubelesya nomupanga bwakubelesya mali,Li pangaliko za bajeti,chakuzatisha kubajeti,Mwaba wa maali onse,Chitwa chakuzachisa jimbongo,Chakupangila bajeti,
budget--cardlabel,budget,,Card Label,Dzina la choonjezeredwa,,,Chizindikiro cha pa Khadi,,Icilembo ca kadi,Bulembo bujanika akakkaandi,zaku zibela fa card,chinjikizhilu cha kadi,Byanembwa pa kikachi,Vasona vahachitupa,Zina la icho chasazgikilapo,
budget--consumed,budget,,consumed,Chakudya choyenera kudyedwa,,,Zosewenzetsedwa,,Ukubomfiwa,Mali ngomwakabelesya,Zebaitusisizwe,zhinadewi,kajo komwajile,Vinaliwa,Vyakulyeka,
budget--cost,budget,,Cost,Mtengo wa chinthu,,,Mtengo,true,Umutengo,Imuulo wacintu,tifo,wuseya,mutengo wa maali akebewa,Ndando,Mtengo,
budget--createnew,budget,,Create New,,,,,,,,,,,,,
budget--createnewbudget,budget,,Create New Budget,Pangani ndondomeko ya ndalama yatsopano,Unda bajeti mpya,Эҷоди буҷети нав,Pangani bajeti yatsopano,true,Ukupanga ubutantiko ubupya ubwa ndalama,Amubambe inzila yakubelesya mali iimpya,Mu pange bajeti yenca,tungénu bajeti yayiha,lengai mwaba wa maali mupya,Wahisa jila yayihya mwakuzachishila jimbongo,Pangani bajeti yiphya,
budget--cropprobabilitiesdependonwhentheseasonstartshereyoucanseetheprobabilitiesoftheseasonstartingatdifferentdates,budget,,"Crop probabilities depend on when the season starts.
Here you can see the probabilities of the season starting at different dates",Kuthekera kokhudzana ndi mbewu kumatengera  nthawi imene nyengo ya mvula imayambira. Apa mutha kuona kuthekera kwa nyengo ya mvula kumayamba masiku osiyanasiyana,,,Kuthekera kwa mbewu kumadalira nthawi imene nyengo iyamba. Pano mungathe kuona mwayi wa nyengo kuyamba pa masiku osiyanasiyana,,Ukulima kwa fimenwa kulashintilila pa nshita ilyo inshita yatendeka.,Icisyango,Ze kona kuezahala kwa lichalo zi kalelela fa zazi lakukalela silimo sa bulimi. Fa mwa bona zekona kuezahala mwa ma zazi a shutana shutana.,kuwaha nikuzata chambutu chakunda ku mpinji yakutachika chachilaaka,kuyuka kwa bintu abyo byaketekelwa kukamweka ku bijimwa byenu byashikamina ponka pa kuyuka kimye mvula kyoakatendeka kunoka. Kabiji pano musakukonsha kumona bintu byonse abyo byaketekekelwa kukamweka pakutendeka kwa kunoka mvula pa bimye ne moba apusana-pusana,Jimbuto japendama hakuputuka cha ngonde,Mwabi wakukhwaskana na mbewu kwakuyana na nyengo iyo vula yikuyambila. Apa mungaona mwabi wakuti nyengo yavula yiyambenge ma zuba ghakupambanapambana,
budget--days,budget,,Days,Masiku,,,Masiku,,Inshiku,Imazuba,Ma zazi,mafuku,Juba,Makumbi,Mazuba,
budget--decreasescale,budget,,Decrease Scale,Chepetsani mlingo,,,Chepetsa kukula,,Ukucefyako icipimo,Kucesya kwamweelwe wacikelo,kubeha buinyani,kukuhesha chipezeleshu,kukepelwa,Kukehesa,Kuchepeska mweso,
budget--description,budget,,description,Kufotokozera,,,kaonekedwe,,Ubulondoloshi,Bulembo bwazyintu zyiyandika,mosibonahalela,kulumbununu,kulumbulula,Kulumbununa,Kalongosolero,
budget--descriptionoptional,budget,,Description (optional),Kufotokozera (Mukhoza osalemba),,Тавсиф (ихтиёрӣ),Kufotokozera (posankha),,Ubulondoloshi ubwakusalapo,Bulembo bwazyintu zyiyandika (optional),mosibonahalela (faku keta),kulumbununu (chakudisakwila),kulumbula byonse,Kulumbununa chakulisakwila,Kuchepeska mweso (mungalemba panji kuleka,
budget--eachrowcontainsinformationaboutcropvarietydaystomaturityandwaterrequirementprobabilitiesofreceivingrequirementsareshownfordifferentplantingdates,budget,,"Each row contains information about crop, variety, days to maturity and water requirement. Probabilities of receiving requirements are shown for different planting dates","Mzele uliwonse opita kumanja uli ndi uthenga okhudza mbewu, mtundu wa mbewuyo, masiku omwe imatenga kuti ikhwime komanso madzi omwe imafuna. Kuthekera kokwaniritsa zofunikirazi kukuonetsedwa pa masiku obzalira osiyanasiyana",,,"Mzere uliwonse uli ndi zambiri zokhudza mbeu, mtundu, masiku okula ndi zofunikira za madzi. Mwayi wokwaniritsa zofunikirazo ukuwonetsedwa kwa masiku osiyanasiyana obzyala mbewu.",,"Cila mulongo cila kwata amashiwi pa fya kulima ,imisango ,inshiku shakukula no kufwaya amenshi imibele ya kupokelela ifilefwaikwa ilalangishiwa pa nshikunsha kubyala ishapusana pusana.",Mulongo amulongo ulijisi milumbo,"line kaufela inani mangusa a sicalo, mufuta, mazai akuyofita kutulo ni mezi atokwahala. zekona kuezahala zebonisizwe kwa mazazi akucalela ashutani.","mundanda wezhima wekala nsangú yambutu, muchidi wambutu, mafuku akukula ni menzhi akengékangá mukukula chambutu. Kutwesha kutambula zhakengékangá, anachimwekeshi hamafuku akutumba adambula",kila mulaini,"Kala chazano chili na mazu a mbuto, muyachi,makumbi akuhialamo,meya atela. Jijila mwakutambwilamo vyuma vyosena na makumbi akulihandununa akutumba kala mbuto","Mzele uliwose wakuyenda zamumbeyeka ukulongosola vyakukhwaskana na mbewu, mtundu wa mbewu, mazuba agho yikutola kuti yiche kweniso unandi wamaji agho yikukhumba. Mwabi wakukwaniska vyakukhumbikwira ivi mungakuona pa mazuba ghakupandira ghakupambanapambana",
budget--editbudget,budget,,Edit Budget,Konzani polakwika mu ndondomeko ya ndalama,,,Kupitamonso mu bajeti,,Ukulungika indalama,Amubambulule bulembo bwakubelesya mali,ku ngo'la pampili ya masheleng'I womukai tusisa,ololaku bajeti,kupituluka mu mwaba wa maali,Wahisa mwakuzachishila jimbongo,Onaniso nakunozgaso bajeti,
budget--enterprise,budget,,Enterprise,bizinesi,,Корхона,malonda,,Amakwebo,Izyamakwebo,Zaku lekisa,wuselewa,mingilo ya kwingila,Mazavu avakakusekasana,Bizinesi,
budget--familylabour,budget,,Family Labour,ntchito yogwiridwa ndi eni ake,,меҳнати оила,Ntchito ya banja,,Imilimo ya lupwa,Incinto zyamukwasyi,Musebezi wa lubasi,nyidimu yachisaka,mingilo ya kwingila,Kuzata chavatanga,Ntchito iyo wakugwira mamembala ghamubanja,
budget--femalemember,budget,,Female Member,Munthu wa mkazi,,,Membala wam'kazi,,Membala umwanakashi,Bamakaintu bali mumbunga,Membala wamusali,membala wamumbanda,wamukazhi mukisemi,Membala wa pwevo,Membala mwanakazi,
budget--forsale,budget,,For Sale,Zogulitsa,,,Zogullitsidwa,,Ifya kushitisha,Izyakusambala,zakulekisa,zhakulandisha,byakupotesha,Vyakulanjisa,Vyakuti tigulise,
budget--fruits,budget,,fruits,zipatso,,меваҳо,zipatso,,Ifisabo,Imichelo,Litolwana,nyikabu,bipangwa,Mihako,Vipaso,
budget--herewecanseeinformationforaspecificcropvariety,budget,,Here we can see information for a specific crop variety,apa ndi pomwe tingaone uthenga okhudza mtundu wa mbewu pawokha pawokha,,,Pano titha kuona zambiri za mtundu wa mbeu winawake.,,Apa kuti twamona amashiwi ya misango imo iya fyakulima,Aawa inga mwabona milumbe,Fa mwakona ku bona mangusa mufuta ya sicalo,aha tunateli kumona nsangú yamuchidi wambutu,pano twakonsha,Hano tunahase kumona mazu akala mbuto namuyachi wa kala mbuto,Apa tikuona kulongosola kwakukhwaskana na mtundu wambewu pawekhapawekha,
budget--hours,budget,,hours,Maola,,,Maola,true,Amahola,Mawoola,lioyala,Maola,mawala/kimye,Jilwola,Maola,
budget--howlongisyourbudgetfor,budget,,How long is your budget for?,ndondomeko yanu ya chuma  imakhala yayitali bwanji?,,Буҷаи шумо чанд вақт аст?,bajeti yanu ndi yayitali motani?,,Ubutantiko bwa ndalama shenu iya nshita nshi,Bulampa buti bulembo bwakubesya mali,pampili yebonisa momukai tusisa mashelengi ki ye telele cwani?,bajeti yeyi yahachipimunyi,nanyi kimye,Nyi vilongesela vyove mwakuzachila jimbongo naviya swi nakulihi?,Bajeti yinu njanyengo yitali uli,
budget--import,budget,,Import,Kubweretsa,,,Kutenga,,kuletamo,Amubweze kuzya kumbi,Kubeha ze,kulanda kufuma mumatungá akwengí,sendai kino nekwikitwala kukwabo,Kuneha vikumba kufuma kumafuchi eka,Tolani bajeti yakunozgeka kale,
budget--importbudgetcode,budget,,Import Budget Code,likani nambala ya ndondomeko ya chuma,,,kutenga nambala ya bajeti,true,Ukutwala indalama,Amubweze kuzwa kumbi code,nambolo ya momukai tusisa masheleng'i,kusenda nambala ya bajeti,sendai nambala yakuyukilako mwaba wa maali,Kuneha nambala yamwakuzachishila jimbongo,Tolani nambala ya bajeti,
budget--importcode,budget,,Import Code,,,,,,,,,,,,,
budget--increasescale,budget,,Increase Scale,onjezerani mlingo,,,kuchulukitsa,,Lundeniko cipimo,Amuyungizye cikelo scale,kubehela likala,kukulisha chipimu,nungaikoyeo shikelo,Kuhakilako ku chipezu,Sazgiraniko mweso,
budget--inputs,budget,,Inputs,zolowa,Pembejeo,Саҳмҳо,zolowa,,ifyakubomfya,Zyibelesyo zyakubelesya,minuno,zhimukwingízhamu muwundimi wenu,bintu byakwingijisha mu bunjimi,Vyakuzachiza,Vyakunjila,
budget--inthecropinformationtableyouwillbeabletoseetheprobabilitiesfordifferentcropsthroughthedifferentseasons,budget,,"In the crop information table, you will be able to see the probabilities for different crops through the different seasons.","Mu tebulo ya uthenga okhudza mbewu, muona kuthekera kwa mbewu zosiyanasiyana mu nyengo zosiyanasiyana",,,"Mu tebulo la zambiri zokhudza mbeu, mudzatha kuwona mwayi wa mbeu zosiyanasiyana pa nyengo zosiyanasiyana.",,"Mu tebulo lya mashiwi ya fyakulima ,mukamona ifingacitika pa fyakulima ifya pusana pusana mu nshita shapusana pusana.",Imulumbe yazyisyango,"fa pampili ya mangusa a licalo, muka bona zekona kuezahala kwa licalo ze shutana shutana","mutebulu yansangú yambutu, mukumonamu yuma yinateli kwilika kumbutu yadishiyashana muyilaaka yakudambula","mu sabwakya wapa bijimwa uji payeun tebulu,musakumona bintu abyo byaketekelwa kukamwekana monka mu bijimwa byapusana-pusana mu bimye bya mvula byapusana-pusana.","Mazu a kala mbuto, mujingonde jeka na jeka, namuwawana muchihanda chili na mazu ambuto ( muteulu ili namazu ambuto)","Mu thebulu lakulongosola za mbewu, muonengemo mwabi wakachitilo kambewu zakupambanapambana kwakuyana na nyengo zakupambanapambana ",
budget--legend,budget,,Legend,Zizindikiro,,,Wosaiwalika,,Icikolwe,Izyakaindi ( leged),waku salibala,kulumbwankoli,muntu wayuka mingilo yabusendwe,Chihande chamyaka yamunyima,chioneskero,
budget--length,budget,,Length,,,,,,,,,,,,,
budget--livelihood,budget,,livelihood,zochita zopezetsa ndalama,,,Moyo Wabwino,,,,,,,,,
budget--livestock,budget,,livestock,ziweto,,чорвоӣ,ziweto,,Ifitekwa,Izyivwubwa,limunanu,yimuna,bilelwa,Vimuna,Vyakuweta,
budget--malemember,budget,,Male Member,Munthu wa mwamuna,,,Membala wam'muna,,Membala umwaume,Baalumi bali mumbunga,Membala wa sina,membala weyala,membala wa mulume,Membala wa lunga,Membala mwanalume,
budget--newbudget,budget,,New Budget,Bajeti yatsopano,,,Bajeti Yatsopano,true,Ubutantiko bwa ndalama ubupya,Budget impya,pampili ye bonisa tusiso ya mashelengi yenca,bajeti yayiha,Mwaba wa maali mupya,Vilongeselo vyavihya vyakuzachishilamo jimbongo,Bajeti yiphya,
budget--nooutputsproduceforconsumption,budget,,No outputs produce for consumption,Palibe zokolora zomwe zagwiritsidwa (zadyedwa) ntchito pakhomo,,,Palibe zokolola zakudya pakhomo,true,,,,,,,,
budget--nowyouarereadytoexplorethecropinformationtool,budget,,Now you are ready to explore the crop information tool,Tsopano mukhoza kuunika zokhudza chida cha uthenga wa mbewu,,,Tsopano mwakonzeka kufufuza chida cha zokhudza mbeu.,,Nomba muli abaiteyanya ukufwailisha icibombelo ca mashiwi ya fyakulima,Aawaantaamu amuzyibe milumbekujatikizya zyibelesyo,Fa muitukisize kuitusisa mukwa wa mangusa a licalo .,mudi wunu adiwahisha kushinshika nsangú yambutu,pan mwakonsha kupesa-pesa masabwakya wapa bijimwa kwingijisha auno musabilo,Unalizange jino oholili ulinangule vitwa vya mazu a mbuto,"Sono mwanozgeka kuti muoneone vyakukhwaskana na chilwero cha uthenga wa mbewu ",
budget--options,budget,,Options,"Zisankho ",,,Zosankha,,,,,,,,,
budget--outputs,budget,,Outputs,zotuluka,Matokeo,Натиҷаҳо,zotuluka,,Ififumamo,Milimo yabelekwa (output),zezwa mwateni,zhafumangámu,bintu bikafumamo,Nganyo,Vyakufuma,
budget--produceconsumed,budget,,Produce Consumed,zokolola zomwe zagwiritsidwa ntchito,Kuzalisha Iliyotumiwa,Маҳсулоти истеъмолшуда,zokolola zomwe zagwiritsidwa ntchito,,Ifya kulya ifyaliwa,,likutulo zeitusisizwe,yuma yimunangúli yinadewi,kajo komwaja,Mbuto inaliwa,Vyakukolola ivyo vyalyeka,
budget--purchased,budget,,Purchased,Zogulidwa,,,Zogulidwa,,Icashitilwe,Izyakaulwa,Ze lekilwe,zhimunalandi,bintu bymwapota,Vinalanjiwa,Ivyo tagula,
budget--quantity,budget,,Quantity,kuchuluka,,,kuchuluka kwake,,Ubwingi,Ikuvwula kwazyintu,buima,chipezu,nambala ya bintu bikebewa,Kuvula cha vyuma,Unandi wake,
budget--savedbudgets,budget,,Saved Budgets," ndondomeko za ndalama zosungidwa",Bajeti zilizohifadhiwa,Буҷетҳои захирашуда,bajeti yosungidwa,,Ubutantiko bwa ndalama ishasungilwe,Ibudget jomujisi jomwakabikka ambali,mubuluke lipampili ya mashelengi yemukai tusisa,bajeti yinahembiwu,mwaba wa maali ye mwalama,Tunalame Vilongeselo vya mwakuzachila jimbongo,Ma bajeti ghakusungika,
budget--saveyourbudget,budget,,Save your budget,sungani ndondomeko ya ndalama yanu,,,sungani bajeti yanu,,Sunga ndalama shobe,Amubone kuti mwayiyobola budget yanu,mubuluke pampili ya mashelengi yemukai tusisa,hembenu bajeti yenu,sungai bulongo mwaba wenu wa maali,Lama vilongeselo vyove vya mukuzachishila jimbongo,Sungani Bajeti yinu,
budget--select,budget,,Select,sankhani,,Интихоб кардан,sankhani,,Sala,Amusale,amukete,sakulenu,salai byomukeba,Sakula,Sankhani,
budget--selectenterprise,budget,,Select Enterprise,sankhani mtundu wa bizinezi,,,sankhani malonda,,Saleni ubukwebo,Amusale makwebo,kuketa li kampani,sakulenu wuselewa,salai mingilo ya busulu,Sakulaho lizavu lya vakakusekasana,Sankhani bizinesi,
budget--share,budget,,Share,tumizani,,,gawani,,Ukwakanya,Amwabane budget,kuabana,anjangána,abanyai,Kupangila,Gawani panji tumizgani,
budget--shareapplink,budget,,Share App Link,Tumizani pulogalamu,,,Gawani ulalo wa kulimikiza ku pulogilamu (App),,Ukwakana ukusuntikanya kwa app,Amwabane App link,Muhabane mukwa wakutusisa wa app,anjangánaku chakukobwesha ku app,abanyai yeo App mumu sabilo,Pangila jila ya chinyingi chamakina,Gawani panji tumizgani App Linki,
budget--shareaspicture,budget,,Share as Picture,tumizani ngati chithunzi,,,gawani monga chithunzi,,Ukwakanya nge cikope,Amwabane zyimfwanikiso,Muhabane inge pi pikicala,yitumu mumwevulu,abanyai nobe kipikikyala,Pangila muvwimbimbi,Gawani panji tumizgani ngeti chithuzithuzi (Pikichala),
budget--sharebudget,budget,,Share Budget,tumizani ndondomeko ya ndalama kwa ena,,,gawani bajeti,,Ukwakanya indalama,Amwabane Budget,muhabane momukai tusisa mashelengi,pangílaku bajeti,abanyai mwaba wa maali,Pangila vilongeselo vya mwakuzachishila jimbongo,Gawani panji tumizgani bajeti kuwanyinu,
budget--showallbudgets,budget,,Show All Budgets,Onetsani ndondomeko za ndalama zonse,,,,true,,,,,,,,
budget--showmore,budget,,Show More,onetsani zambiri,,Намоиши бештар,onetsani zambiri,,Langisheni nafimbi,Amutondezye zyinji,mubonise zengata,talishaku zhazhivulu,mweshai byavula,Solola vyavivulu,Oneskani vinandi,
budget--starting,budget,,starting,,,,,,,,,,,,,
budget--startingin,budget,,starting in,kuyambira mu,,Оғози,kuyambira,true,Ukutendeka mu,Aakutalikila,ku kalela,kutachikisha,kutendekatu mu,Kuputuka mu,Kuyambira mu,
budget--summary,budget,,Summary,Chidule,,,,,,,,,,,,
budget--thecropfiltershowsmoreinformationforspecificcrops,budget,,The crop filter shows more information for specific crops,Posankhila mtundu wa mbewu pomwe pamaonetsa uthenga wambiri wa mbewu zosiyanasiyana,,,Chosefera cha mbeu chimawonetsa zambiri zokhudza mbeu zina.,,Icilimwa cakusefa cilanga amashiwi nayambi aya fyakulima ifimo,Imilumbe iitodezya kujatikizya zyazyisyango,zaku fefulisa licalo za fanga mangusa a mifuta ya licalo zemu .,"chakusefela mbutu, chamwekeshangá sangú yayivulu yambutu yamboka",mutanchi wa bijimwa ubena kumwesha masabwakya apa bijimwa byasalwa,Chitwa cha mbuto chinasolola mazu amavulu a kala mbuto,Chakusefers mbewu chikuoneska uthenga wunandi wa mbewu zakusankhika,
budget--thematurityandwaterrequirementscanbeusedtocalculatethechanceofsatisfyingtheseconditionsforaspecificplantingdate,budget,,The maturity and water requirements can be used to calculate the chance of satisfying these conditions for a specific planting date,Kakhwimidwe komanso madzi amene amafunikira pa mbewu zikhoza kugwiritsidwa ntchito kuwerengetsera masiku obzalira mbewu,,,Masiku okhwima ndi zofunikira za madzi zitha kugwiritsidwa ntchito kuwerengera mwayi wokwaniritsa izi pa tsiku losankhira kubzala.,,Ukukula no kufwaya kwa amenshi kuti fyabomfiwa ku kupenda ishuko lya kufikilisha ifi fintu pa bushiku bwa kubyala ubwalinga,Kubizya alimwi ameenda ayandika inga mwabelesya kuzyiba kucinca mbuli cisyango mbocakwana kuciindi cakusyanga,kuhula ni mezi atokwahala yakona ku tusa ku bala maata a zeliteni mwa mazazi a lukile,mafuku akukula nichipimu chamenzhi akengékangá anateli kuyizatisha kwiluka kutela chakwilika iyi yuma kweseka nefuku dakutumba,Kukoma ne mpilo ya byo ne bintu byonse abyo bikebewa biji nobe meema pakubaamba mukonshe kuyuka nanyi bintu bikebewa kufumatu juba jakubyala nkunwa ne nambala ya moba akukapilamo kyokyo kijimwa ne yeo mutundu wa nkunwa,kuhya hamwe na meya akutamo vana hase kuvizachisa nakuwana likumbi lyatela kutumba kala muyachi wambuto,Kucha na unandi wamaji ghakukhumbikwa vingagwiriskika ntchito pakuwerengera mwabi wakukwaniriska ivyo vikukhumbikwa pa data lakupandira ilo lasankhika,
budget--thisisthenumberofdaystomaturityforthevariety,budget,,This is the number of days to maturity for the variety,Awa ndi masiku amene mtundu wa mbewu imatenga kuti ikhwime,,,Awa ndi masiku okula kwa mbewu ya mtunduwo.,,Iyi e mpendwa ya nshiku ukufika ku kukula kwa misango,Aaya ngamazuba kuti musyobo wacisyango ubizwe,mazazi kaufela atokwahala wa mufuta wa sicalo kuyofita nako ya kutulo.,awa ndi mafuku akukula iwu muchidi wambutu,,Awa akiko makumbi echikuhilangamo a mbuto kana,Uwu mbunandi wa mazuwa kufikira kucha kwa mtundu wambewu,
budget--thisiswaterrequirementforthevariety,budget,,This is water requirement for the variety,Awa ndi madzi amene amafunikira pa mtundu wa mbewu,,,Izi ndi zofunikira za madzi kwa mtunduwo.,,Aya e menshi yafwaikwa ku misango yalekana lekana,Aaya nga meenda ayandika kweendelana amusyobo wacisyango,mezi atokwahala kwa mufuta wa sicalo .,ichi ndichipimu chamenzhi akengékaná kudi iwu muchidi wambutu,ano omeema akebewa pakubaamba auno mutundu wa nkunwa ukakonshe kukomatu bulongo,Awa akiko meya akutamo a mbuto kana,uwu mbunandi wa maji ghakukhumbikwa kwakuyana na mtundu wambewu,
budget--title,budget,,title,mutu,,Ном,mutu,,Umutwe,Mutwe wamakani (title),toho,mutu wasangú,mutwe,Mutwe wachihande,Mutu,
budget--tools,budget,,Tools,zida,,,zida,,Ifyakubomfya,zyibelesyo,Lipangaliko,zhakuzatisha,bintu byakwingijisha mu mingilo,Vitwa,Vilwero,
budget--total,budget,,Total,zonse pamodzi,,,zonse pamodzi,,Ukusanshya fyonse pamo,Kusanganya kwamamanino (Total),Kaufela,zhezhima,byonse pamo,Kuvula cha vyosena,Vyose pamoza,
budget--totalconsumed,budget,,Total Consumed,Zonse zomwe zagwiritsidwa  ntchito (zadyedwa),,,Zonse Zosewenzetsadwa,true,,,,,,,,
budget--totalproduced,budget,,Total Produced,Zokolola zonse,,,Zonse Zokololedwa,true,,,,,,,,
budget--unitcost,budget,,Unit Cost,,,,,,,,,,,,,
budget--whatisyourtypeofenterprise,budget,,What is your type of enterprise?,kodi mtundu wanu wabizinesi ndi uti?,,Навъи корхонаи шумо чист?,kodi mtundu wanu wabizinesi ndi uti?,,Bushe musango nshi uwa makwebo yenu,Ino makwebo alibuti ngomucita?,kana pisinisi yamina ki ye cwani ?,mwalandishangá yumanyi,nanyi mutundu wa mwingilo,Nyi liuka lyove lyakusekasana lyapwa ngachilihi?,Bizinesi yinu njamtundu uli?,
budget-activities-applyfertiliser,budget,activities,apply fertiliser,kuthira feteleza,,Ба кор нуриҳо муроҷиат кунед,thirani fatatleza,,Bikeni umufundo,amubikke camutunzya,kusela mununo,kusha wushi,kubika mbolesha,Haka wilo,Kuthira fetereza,
budget-activities-applypesticide,budget,activities,apply pesticide,kopopela mankhwala a tizilombo,,пестисидҳоро татбиқ кунед,thirani mankhwala opha tidoyo,,Bomfyeni umuti wa kwipaya ifishishi,Amubikke musamu uujaya tuuka,kupompela mulwani waku sileleza li kokwani,kusha itumbu yakuzhaha tububu,kusansa muchi kubijimwa,Haka vitumbo vyakujiha tututu,Kupopera munkhwala wakukomera tuvibungu,
budget-activities-bagging,budget,activities,bagging,kupakila m'matumba,,халта,kuika m'mathumba,,Ukubika mu mifuko,Amukwabilile cisyango (bagging),kubeha mwa ma saka,kusha mwiyisweku,kubika kajo mu masaka,Kulongejeka vimbuto mujinjeke nakuvilaminamo,Kupakila mumathumba,
budget-activities-banding,budget,activities,banding,kubandila,,банд,kumangilira,,Ukukakatika,Amucince musyobo wa cisyango (banding),kutamelela,kunungá,kukasa ku bijimwa,Katachikijilo ka wanda waulombo weka,Kuwungirira,
budget-activities-buildhousing,budget,activities,build housing,kumanga makola,,сохтани манзил,kumanga nyumba,,Ukukula amayanda,Amuyake maanda aakubikila,kuyaha ndu,kutungá matala,kushimika mazubo,Kutunga mazuvo,Kuzenga vibaya,
budget-activities-compostmanuremaking,budget,activities,compost manure making,kupanga manyowa akompositi,,компост компост,kupanga manyowa a zinyalala,,Ukupanga mufundo wa cikaya,Amupange mbolenzi,kupanga mununo ka kuitusisa manyala,kulengá manyuwa,kulenga mufundo waku bijimwa,Kutunga wilo kufuma mwila mafo na wilo wavimuna,Kupanga mthyuwa panji manyoba,
budget-activities-dipping,budget,activities,dipping,kusambitsa ziweto m'mankhwala,,ғӯтонда,kupaka,,Ukutubika,Amundibye,ku chumbwika,kwingízha yimuna mumenzhi ayitumbu,kubika banyama mumuchi,Kujimika vimuna mumeya avitumbo,Kupanga dipi viweto,
budget-activities-feedinglivestock,budget,activities,feeding livestock,kudyetsa ziweto,,таъом додани чорводорӣ,kudyetsa ziweto,,Ukulisha inama,Amusanine izyivwubwa,ku chisa limunanu,kudisha yimuna,kujisha bilelwa,Kulisa vimuna,Kulyesa viweto,
budget-activities-harvesting,budget,activities,harvesting,kukolola,,гирдоварӣ,kukolola,,Ukusombola,Amutebule,ku kutula,kwangúla,kunowa kajo,Kwaha,Kukolola,
budget-activities-landclearing,budget,activities,land clearing,kusosa,,тозакунии замин,kukonza malo,,Ukuwamya mpanga,Amubambe nyika,ku lukisa simu,kuwahisha maha,kunengezha bujimi,Kuwahisa wande,Kusosa,
budget-activities-marketingandselling,budget,activities,marketing and selling,kutsatsa ndi kugulitsa,,Маркетинг ва фурӯш,kutsatsa ndi kugulitsa,,Ukushitisha no kushitisha,Amutole kumusyika akusambala,za musika ni kulekisa,"kwilukisha wuselewa wenu, nikulandisha",byabusulu ne lupoto,Kwaula kusekasana nakulanjisa,Kusaska malonda na kugulisa,
budget-activities-mulching,budget,activities,mulching,kuphimbira,,пешкаш,kuphimba nthaka,,Ukufimba,Amubikke bwizu atala aacisysngo,kubeha bucwani fa licalo,kubuta maseki namatahu hela mafu,kubika nsono ne mabula mu mimpalala,"Kuhaka mwila, mafo,chipwe unga wamitondo kuvimbuto",Kujalapo pachanya padongo na uchani panji mapesi,
budget-activities-ploughing,budget,activities,ploughing,kugalauza,,шудгор кардан,kugaula,,Ukulima,,kugampa,kudima,kujima,Kulima na litemo lya vangombe,Kugaula,
budget-activities-postharvesthandling,budget,activities,post-harvest handling,kusamala zokolora,,Мавридҳои ҳосили пас аз,kasamalidwe pambuyo po kolola,,Ukusunga ifya kulya panuma ya kusombola,Amubone kuti mwatebula kabotu kakunyina kusinyikilwa,muezezo kasamulaho a kutulo,mwakuhembela mbutu hanyima yakwangúla,kulama bulongo kajo komwanowa,Milimo yakavangizaho nge munahe (munahokola) lyehi jimbuto,Kupwererela ivyo takolola,
budget-activities-providesupplements,budget,activities,provide supplements,kupereka zakudya zoonjezera,,лавозимотро таъмин кунед,perekani zowonjezeka,,Ukupela ifya kulya ifyakulundwapo,Amubikke busani,Kufa zakutusa,kwinka zhakukwasha kumuzhimba,kujisha bilelwa,Kuhana vyakuhakilaho,kupereka vyakulya vyakusazgirapo,
budget-activities-providewater,budget,activities,provide water,kupereka madzi ku ziweto,,Таъмини об,perekani madzi,,Ukupeela amenshi,Amubone kuti meenda kwaali,kufa mezi,kwinka menzhi,kupa bilelwa meema,Kuhana meya,Kupereka maji,
budget-activities-purchase,budget,activities,purchase,kugula,,харидан,gulani,,Ukushita,Nkuula,Kuleka,kulanda,kupota bintu,Kulanda,Kugula,
budget-activities-relocation,budget,activities,relocation,kusamutsa ziweto,,кӯчдиҳӣ,kusamukira,,Ukukukila ku ncende imbi,Kucinca busena,kututa,kuntutuka,kuviluka,Kununguluka,Kusamuka panji kusintha malo,
budget-activities-shelling,budget,activities,shelling,kutonola/kusola,,релинг,kutongola,,Ukutongola ukufumyako amapapa,Nkuyupa,kutongomona,kutondola,kutotola bijimwa,Kutondola,Kusuwa,
budget-activities-sowing,budget,activities,sowing,kufesa,,кишти,kufesa,,Ukubyala,Nkuswanga,kucala,kutumba,kubyala nkunwa,Kutumba,Kufesa,
budget-activities-storage,budget,activities,storage,kusunga,,анбор,kasungidwe,,Ukusunga,Nkuswanga,Bulukelo,chisweku,kulama bulongo kajo komwanowa,Mwakulamina,Kusunga,
budget-activities-threshing,budget,activities,threshing,kupuntha,,пешбинӣ,kupuntha,,Ukufuuta nangula ukupepeta,Nkuswanga,ku fefula,kupupa,kupepula kajo,Kuzungula,Kupwantha,
budget-activities-transport,budget,activities,transport,Kayendedwe,,наклиёт,mayendedwe,,Imyendele,Izyakweendela,zamaiso,ngéndelu,kusenda kajo mu myootoka,Kututa,Thilansipoti,
budget-activities-transportlivestock,budget,activities,transport livestock,kunyamula ziweto,,Нақлиёт,kunyamula ziweto,,Imyendele ya nama,Amutole zyivwubwa,Kuzamaisa limunanu,kutuntulula yimuna,kusenda bilelwa,Kumbata vimuna nakutwala kweka,Kunyamula viweto kuluta navyo kumalo kunji,
budget-activities-vaccinate,budget,activities,vaccinate,kupereka katemela,,пайванд кардан,katemera,,Ukulaswa,Kuyasa kusilika,Ku sileleza,kwasa ndonú yakukingá,kupa michi bilelwa,Kutuva jindongo,Kupereka katemera,
budget-activities-valueaddition,budget,activities,value addition,kuwonjezera phindu,,Илова,kuwonjezera phindu,,Ukulundako mutengo,Kugaya kuyungizya bubotu,kubehela zeende,kushilahu kuwaha hela kulema,kulenga bintu kufuma ku kajo,Kuwezela nganyo,Kusazgirako phindu,
budget-activities-watering,budget,activities,watering,kuthirira,,обёрӣ,kuthirira,,Ukutapilila,Kwiinda,ku selaela,kutukumwina,kutekezha,Kuthukumwina,Kuthirira,
budget-activities-weeding,budget,activities,weeding,kupalira,,хишова,kupalira,,Ukusekwila,Kulimina,ku taula,kusangúla,kusekwila,Kusangula,Kuvutilira,
budget-enterprise-afforestation,budget,enterprise,afforestation,kudzala mitengo,,орадодӣ,kubzyala mitengo,,Ukulima imiti,Zyisamu,Ku cala likota,kutumba nyitondo,kubyala bichi,Kutumba mitondo,Kusazgirako thengere pakupanda makuni,
budget-enterprise-beekeeping,budget,enterprise,beekeeping,Ulimi wa njuchi,,,,,,,,,,,,
budget-enterprise-brickmaking,budget,enterprise,brick making,Kuumba njerwa,,,,,,,,,,,,
budget-enterprise-casuallabour,budget,enterprise,casual labour,ganyu,,,,,,,,,,,,
budget-enterprise-cattle,budget,enterprise,cattle,ng'ombe,,ҳайвон,ng'ombe,,Ngombe,ngombe,komu,ng'ombi,kulela banombe,Vangombe,Ng'ombe,
budget-enterprise-charcoal,budget,enterprise,charcoal,makala,,,,,,,,,,,,
budget-enterprise-chicken,budget,enterprise,chicken,nkhuku,,чӯҷа,nkhuku,,Inkoko,kuku,kuhu,kasumbi,kulela banzolo,Kasumbi,Nkhuku,
budget-enterprise-cowpeas,budget,enterprise,cowpeas,khobwe,,гов,nyemba,,Ilanda,Nyabo,manawa a sinthu,makundi achifwifwita,kujima nkunde ya lwanda,Makunde alanda,Nkhunde,
budget-enterprise-ducks,budget,enterprise,ducks,abakha,,мурғ,abakha,,Ifibata,Amadada,li bato,mapatu,kulela bibata,Vapato,Mabaka,
budget-enterprise-firewood,budget,enterprise,firewood,nkhuni,,,,,,,,,,,,
budget-enterprise-fish,budget,enterprise,fish,nsomba,,моҳӣ,nsomba,,Isabi,Answi,Tapi,inshi,kulela masabi,Vayishi,Somba,
budget-enterprise-foodselling,budget,enterprise,food selling,kugulitsa zakudya,,,,,,,,,,,,
budget-enterprise-goats,budget,enterprise,goats,mbuzi,,бузҳо,mbuzi,,Imbushi,Mpongo,li puli,mpembi,kulela bambuzhi,Vapembe,Mbuzi,
budget-enterprise-groundnuts,budget,enterprise,groundnuts,mtedza,,заминӣ,nshawa/mtedza,,Imbalala,Ndongwe,Ndongo,inyimu,kujima mbalala,Vyelu vya munyinga,Skawa,
budget-enterprise-guineafowl,budget,enterprise,guinea fowl,nkhanga,,Гвинея парранда,nkhanga,,Ikanga,Nkanga,li kaka,imbangála,kulela makanga,Vakhanga,Nkhanga panji Mphangera,
budget-enterprise-handicraft,budget,enterprise,handicraft,Ntchito za Manja,,,,,,,,,,,,
budget-enterprise-maize,budget,enterprise,maize,chimanga,,ҷуворимакка,chimanga,,Amataba,Mapopwe,Mbonyi,kabaka,kujima mataba,Chivwale,Vingoma,
budget-enterprise-mixed,budget,enterprise,mixed,kusakaniza,,омехта,kusakaniza,,Ukusankanishiwa,zyaandeene andeene,kukopanya,zhakubomba,kuvwanga bijimwa,Kufutula,Vyakuvanga,
budget-enterprise-onions,budget,enterprise,onions,anyezi,,,anyezi,,Kanyese,Hanyisi,anyisi,sapola,kujima sapola,Sapola,Hanyezi,
budget-enterprise-pawpaw,budget,enterprise,paw-paw,papaya,,По-По,paw-paw,,Poopoo,Mapopo,paw-paw,popu,kujima mapopo,Lipopo,Vipayipayi,
budget-enterprise-pigeonpeas,budget,enterprise,pigeon peas,nandolo,,нахуд кабӯтар,nyamndolo,,Ingoyolyo,Pigeon peas,manawa a sintu,makundi awundeli,kujima ngolyolyo,Makunde a pigeon,Mpheni,
budget-enterprise-pigs,budget,enterprise,pigs,nkhumba,,хукҳо,nkhumba,,Inkumba,Ngulube,Li kulube,ingulu,kulela bankumba,Vangulu,Nkhumba,
budget-enterprise-retailtrading,budget,enterprise,retail trading,ma bizinesi ang'onoang'ono,,,,,,,,,,,,
budget-enterprise-rice,budget,enterprise,rice,mpunga,,биринь,mpunga,,mupunga,Mumpunga,Rice,losu,kujima mupunga,Loso,Mpunga,
budget-enterprise-sheep,budget,enterprise,sheep,nkhosa,,гӯсфанд,mbelele,,impanga,Mbelele,nguu,mukoku,kulela mikoko,Mukoko,Mberere,
budget-enterprise-sorghum,budget,enterprise,sorghum,mapila,,сорго,mapira,,Amasaka,Izembwe,Mabele,masa,kujima mebele,Masa,Mdomba,
budget-enterprise-soyabeans,budget,enterprise,soya beans,soya,,лӯбиёи Суй,Kayera wa soya,,Cilemba wa soya,Soya yanyabo,manawa a soya,makundi achifwifwita,kujima nkunde ya meema,Makunde a soya,Soya,
budget-enterprise-sweetpotatoes,budget,enterprise,sweet potatoes,mbatata ya kholowa,,картошка ширин,kandolo/kachamba,,Ifyumbu,Imbwali,Ngulu,chingovwa,kujima ntamba,Jitamba,Mboholi,
budget-enterprise-tomatoes,budget,enterprise,tomatoes,tomato,,помидор,chimate,,Tomato,Madeede,Tamangisi,machamacha,kujima mate-mate,Machamacha,Tomato,
budget-enterprise-watermelon,budget,enterprise,watermelon,mavwende,,тарбуз,vwembe,,Icitangamenshi,Banamunyo,watermelon,ihapwa,kujima bainamunwa,Lihapwa,Vimwamaji,
budget-inputs-bags,budget,inputs,bags,matumba,,халта,matumba,,Ifyola,Masaka aakubikila,ma saka,yola,masaka,Jinjeke,Mathumba,
budget-inputs-chemicals,budget,inputs,chemicals,mankhwala,,кимиёвӣ,mankhwala,,Imiti,Misamu,Mulwani wa silelezo,mayitumbu,michi,Vitumbo,Mkhwala,
budget-inputs-feed,budget,inputs,feed,zakudza za ziweto,,таъом,zakudya zaziweto (Kudyetsa),,Ukulisha,Cakulya,Lico za limunanu,yakuda yatusumbi,kajo ka bilelwa,Kulya chavimuna,Vyakulya vya viweto,
budget-inputs-fertiliser,budget,inputs,fertiliser,feteleza,,нуриҳо,feteleza,,Umufundo,Camutuzya,Mununo,wushi,mbolesha,Wilo wa undele,Fatereza,
budget-inputs-housing,budget,inputs,housing,khola,,манзил,mosungila,,Inganda,Kumbandela babelesi,Ndu ya mabulukelo,matala,mazubo,Zuvo,Chibaya,
budget-inputs-labourpaid,budget,inputs,labour - paid,"ganyu ",,Меҳнати - пардохтшаванда,ntchito - yolipidwa,,incito iyalipilwa,Nkumbandela bancito,musebezi woulifilwe,kufwetela nyidimu,maali akufuta bamwingilo,Milimo yakufwetela,Ganyu,
budget-inputs-manuresacks,budget,inputs,manure sacks,matumba a manyowa,,халта,masaka ya manyowa,,Amaka ya mufundo,Masaka aambolezi,Saka ya mununo,masaka awushi,bashikishiki ba mufundo,Jinjeke ja wilo wa vimuna,Mathumba gha manyowa,
budget-inputs-manurewheelbarrows,budget,inputs,manure wheelbarrows,wilibala ya manyowa,,поруи аробача,wilibala ya manyowa,,Icibala ca mufundo,Mbolezi,wilibala ya mununo,wilibala ya manyuwa,ngolofwana ya mufund,Jingolofwana ja wilo wa vimuna,Wilibala ya manyowa,
budget-inputs-money,budget,inputs,money,ndalama,,,ndalama,,Indalama,Mali,Masheleng'I,madi,maali,Jimbongo,Makopala panji ndalama,
budget-inputs-oxcart,budget,inputs,ox cart,ngolo,,ароба окс,kochikali/ ngolo,,ngombe iyakulima,Cikochi,kochikali,itemba,kikochikala,Litemba,Chikochikali panji ngolo,
budget-inputs-potforstorage,budget,inputs,pot for storage,mphika wongula zinthu,,дег барои нигаҳдошт,mphika wosungira,,Umupika wa kusungilamo,Butala bwakuyabwenda,mupika wa bulukelo,indehu yakuhembelamu,mpoto mwakufya kajo,Ndeho yakulaminamo,Muphika wakusungila vinthu,
budget-inputs-protectiveequipment,budget,inputs,protective equipment,zida zozitetezera pogwira ntchito,,Таҷҳизоти муҳофизатӣ,zida zoteteza,,Ifibombelo fyakucingilila,Zyakusama zyakulikwabilila amubili,lipangaliko zaku sileleza,zhakuzatisha kudikingá,kuvwala bivwaloo pakwingila mingilo,Vinuma vya kulikinga navyo,Vilwero vyakujivikililila pakugwira ncthito,
budget-inputs-seeds,budget,inputs,seeds,mbewu,,тухмҳо,mbewu,,Imbuto,Nimbuto,peu,mbutu,nkunwa,Mbuto,Mbewu,
budget-inputs-shellerhire,budget,inputs,sheller hire,kupanga hayala chida chotonolera,,skeller киро мекунад,makina otongolera olipilidwa,,Ukwashima icakutongelako,Cibulo cakugaisya cakumbandela,lipangaliko zaku chokolisa zaku lifa,kufwetela makina akutondwesha,kutotola bijimwa na mashinyi,Likina lyakuzungwila lya kukumuna,Kupanga hayala chakugumuzira,
budget-inputs-supplements,budget,inputs,supplements,zakudya za ziweto zoowonjezera,,лавозимот,zothandizila/zowonjezera,,Ifyalundwako,Zyakulya zyiindeene-indeene,zaku tusa,zhakukwasha kumuzhimba,kajo kakujisha bilelwa,Vyuma vyakufutwila kuvyakulya,Vyakulya vya viweto vyakusazgirapo,
budget-inputs-tools,budget,inputs,tools,zida,,Воситаҳо,zida,,Ifibomelo,Asaka aambolezi,lipangaliko,zhakuzatisha,bintu byakwingijisha pa kwingila,Vinuma,Vilwero,
budget-inputs-tractorhire,budget,inputs,tractor hire,kubweleka thirakitale,,кузинги трактор,thalakita yolipilidwa,,Ukwashima trakita yakubomfya,Citola kumbo tulakita yakumbandela,trakitor yaku lifa,kusonkela tilakita,maali akupana pakujima na talakita,Tractor yakukumuna,Kupanga hayala talakita,
budget-inputs-transportationhire,budget,inputs,transportation hire,hayala ya thiransipoti,,Корти ҳамлу нақл,mayendedwe olipira,,Ukwashima kwa mamotoka yakubomfya,Zyibelesyo zyakweendela zyakumbandela,lizamaiso zaku lifa,kusonkela makina akutuntulula,maali akupa kukimbayambayamba pakusenda kajo,Minyau yakukumuna,Kupanga hayala chakuyeghera katundu,
budget-inputs-vaccine,budget,inputs,vaccine,katemera,,ваксина,katemera,,Umuti,Zyibelesyo misamu,mulwani waku sileleza,ndongú yakukingá,muchi,Vitumbo vya mundongo,Katemera,
budget-inputs-wood,budget,inputs,wood,nkhuni,,,matabwa,,Icimuti,Zyakubelesya ninkuni,kota,nchawa,mapulanga,Mitondo,Nkhuni,
budget-other-addcustom,budget,other,add custom,onjezani zipangizo,,одат кунед,kuikapo m'sonkho,,Ukulundako ifyo ulefwaya,Zyimwi amusanganye zyimwi,kubeha muhato,kusha musonku,bikaipo kisemwa,Hakako mutelo,Sazgiranipo vinyake,
budget-other-familylabour,budget,other,family labour,ntchito yogwiridwa ndi amubanjamo,,меҳнати оила,ntchito ya banja,,Imilimo ya lupwa,Zyimwi kubeleka mbuli mukwasyi,musebezi wa lubasi,nyidimu yachisaka,mingilo ya kwingila,Kuzata chavatanga,Ntchito iyo wakugwira mamembala ghamubanja,
budget-outputs-crop,budget,outputs,crop,mbewu,,кишт,mbewu,,Icilimwa,Kuzyindilila zyisyango,sicalo,mbutu,bijimwa,Jimbuto,Mbewu,
budget-outputs-eggs,budget,outputs,eggs,mazira,,Тухм,mazira,,Amani,Kuzyindilila maji,mai,mateta,make,Maulu,Masumbi,
budget-outputs-fodderforlivestock,budget,outputs,fodder for livestock,chakudya cha ziweto,,хӯроки чорво,chakudya cha ziweto,,Ifyakulya fya nama,Kuzyindilila cakulya cazyivwubwa,sico sa limunanu,yakuda yayimuna,munyenvu,Vyakulya vya vimuna,Chakulya cha viweto,
budget-outputs-manureforcompost,budget,outputs,manure for compost,manyowa a kompositi,,пору барои компост,manyowa a kompositi,,Umufundo wa cikaya,Kuzyindilila mbolezi yakabambwa kwiinda mukuvwumbila muzyilindi,mununo wakuipangela kuitusisa manyalala,wushi wakupanga kuzatisha matahu,mufundo wakubika kubijimwa,"Wilo wakufwatula namwila,mafo na wilo wavimuna",Manyowa gha kompositi,
budget-outputs-meat,budget,outputs,meat,nyama,,гӯшт,nyama,,Inama,Kuzyindilila ninyama,nama,mbizhi,nyama,Nyama,Nyama,
budget-outputs-milk,budget,outputs,milk,mkaka,,шир,mkaka,,Umukaka,Kuzyindilila mumukupa,mabisi,mayeli,mukaka,Mavele,Chithuwi panji mkaka,
budget-outputs-money,budget,outputs,money,ndalama,,пул,ndalama,true,,,,,,,,
budget-outputs-wood,budget,outputs,wood,nkhuni,,дарахт,matabwa,true,,,,,,,,
climate--above,climate,,Above,,,,,,,,,,,,,
climate--after,climate,,After,,,,,,,,,,,,,
climate--analyse,climate,,Analyse,Kuzukuta,,,Fufuza,true,Ukupitulukamo,Mbuli luuwo mboluunga amulanganye,Ku tatuluha,shinshika,kupitulukamo,Kuheza,Oneseskanipo (Kusanga chung'anamulo),
climate--annualforecast,climate,,Annual Forecast,Ulosi wachaka,,,,true,,,,,,,,
climate--before,climate,,Before,,,,,,,,,,,,,
climate--below,climate,,Below,,,,,,,,,,,,,
climate--calculatedwiththedaterangeofstartofrainsandendoftherains,climate,,Calculated with the date range of Start of rains and End of the rains,,,,,true,,,,,,,,
climate--capacityof100mmon1stmarchreduces05withevaporationrateof5mmperday,climate,,Capacity of 100mm on 1st March reduces 0.5 with evaporation rate of 5mm per day,,,,,true,,,,,,,,
climate--chart,climate,,Chart,Galafu,,,Zithunzi zazochita,,Icipepala icalembwapo,Imbulembo mbuli luuwo mboluunga,pampili ya zakueza,mundanda wayuma mukwila,kipepala panembwa bintu byonse,Lipepa lili naunjiho wakusonsena muvihanda vitatu,Gilafu,
climate--downscaledforecast,climate,,Downscaled Forecast,,,,,true,,,,,,,,
climate--end,climate,,End,,,,,,,,,,,,,
climate--endofseason,climate,,End of Season,,,,,,,,,,,,,
climate--extreme,climate,,Extreme,,,,,,,,,,,,,
climate--extremerainfall,climate,,Extreme Rainfall,,,,,,,,,,,,,
climate--first3daysreceivingrainfallamountof20mmandnotfollowedby9daydryspellforthenext21days,climate,,First 3 days receiving rainfall amount of 20mm and not followed by 9-day dry spell for the next 21 days,,,,,true,,,,,,,,
climate--forecast,climate,,Forecast,zanyengo,,,,true,,,,,,,,
climate--frequencyofextreme,climate,,Frequency of Extreme,,,,,,,,,,,,,
climate--highestmaximumdailytemp,climate,,Highest maximum daily temp,,,,,,,,,,,,,
climate--lengthofseason,climate,,Length of Season,,,,,,,,,,,,,
climate--line,climate,,Line,Mzere,,,Mzere,,Icishilwa,Mundandanda mbuli luuwo mboluunga,Line,mufunda,mulaini nangwa mupaka,Mufunda,Muzere,
climate--lowestminimumdailytemp,climate,,Lowest minimum daily temp,,,,,,,,,,,,,
climate--map,climate,,Map,Mapu,,,Mapu,,Mapu,Imaapu iitondezya mbuli luuwo mboluunga,mapa,mukanda wanzhila,sabwakya wakuchiba mpunzha,Lipepa vatengaho ngalila,Mapu,
climate--maximumtemperatures,climate,,Maximum Temperatures,,,,,,,,,,,,,
climate--maxtemps,climate,,Max Temps,,,,,,,,,,,,,
climate--meanmaximumdailytemp,climate,,Mean maximum daily temp,,,,,,,,,,,,,
climate--meanminimumdailytemp,climate,,Mean minimum daily temp,,,,,,,,,,,,,
climate--minimumtemperatures,climate,,Minimum Temperatures,,,,,,,,,,,,,
climate--mintemps,climate,,Min Temps,,,,,,,,,,,,,
climate--outof,climate,,out of,kuchokera pa,,,kuchokera,,Ukufuma muli,Kulanganya mbuli luuwo mboluunga,Kuzwelela,kufuma,kufumyam,Chafuma ku,Pa panji pavigawa,
climate--printversion,climate,,Print Version,zoti zikhoza kusindikizidwa,,,zolembedwa papepala,,Umusango wa kupulinta,Kuba aabulembo zyifwanikiso mbuli luuwo mboluunga,ku zusa ze ngo'zwi fa pepa,zhakusonekewa hachipapilu,nembai ne kupwisha byonse pakipepala,Mukanda vasoneka lyehi,Kuchiwika mwakuti tingapulinta,
climate--rain,climate,,Rain,,,,,,,,,,,,,
climate--seasonalrainfall,climate,,Seasonal Rainfall,,,,,,,,,,,,,
climate--seasonaltotalrainfallcalculatedbetweenthedefinedstartanddefinedendoftheseason,climate,,Seasonal total rainfall calculated between the defined start and defined end of the season,,,,,true,,,,,,,,
climate--seasonaltotalrainfallmm,climate,,Seasonal Total Rainfall (mm),,,,,,,,,,,,,
climate--selectasite,climate,,Select a site,sankhani malo,Chagua tovuti,Интихоб кунед сайт,sankhani malo,,Saleni ncende,Mbuli luuwo mboluunga amulanganye akusala busena bwakulimina,Ku keta sibaka,kusakula ilungá,salai mpunzha yomukebe,Sakula chihela,Sankhani malo,
climate--share,climate,,Share,tumizani,,,gawani,true,,,,,,,,
climate--sharechart,climate,,Share Chart,tumizani galafu,,,gawani chithunzi,,Akanyeni cipepala icalembwapo,Amwaabane bulembo mbutondezya mbuli luuwo mboluunga,kuabana pampili,kumpangíla chipapilu chazhakwila,kwabanya byanemwa pa kipepala,Pangila,Gawani panji tumizgani gilafu,
climate--showlist,climate,,Show List,Onetsani Mndandanda,,,,,,,,,,,,
climate--showmap,climate,,Show Map,Onetsani Mapu,,,,,,,,,,,,
climate--start,climate,,Start,,,,,,,,,,,,,
climate--startofseason,climate,,Start of Season,,,,,,,,,,,,,
climate--temperaturec,climate,,Temperature (°C),,,,,,,,,,,,,
climate--terciles,climate,,Terciles,Magawo a zotsatira za kafukufuku,,,Misampha,,Ifiputulwa fitatu,Luuwo mboluunga (terciles),ma pampili,mundanda wasangú yachipimu chayuma,bizhingu bya bibamba bya mvula,Lipepa lili naunjiho wakusonsena muvihanda vitatu,Vigawa vitatuvitatu,
climate--tools,climate,,Tools,zida,,Воситаҳо,zida,true,,,,,,,,
climate--yearsoutofevery10,climate,,years out of every 10,zaka pa zaka 10 zilizonse,,,zaka 10 zilizonse,,Imyaka pali yonse 10,Bulembo mbuli luuwo mboluunga kwamyaaka iisika kuli iilinkumi,lilimo ze kuma fa 10 silimo ni silimo,yaka kufuma muyaka ikumi,myaka yapitapo pa myaka jikumi jimo,Myaka vafumisa mu likumi,Vyaka pa vyaka khumi vilivose,
climate-chart-end,climate,chart,End,Pothera,,,Tsirizani,true,Mpela,Mbuli mwaaka mbuwakamana,Mafelelezo,kukuma,kipepala panembwa bintu,Kusongo,Paumaliro,
climate-chart-endofseason,climate,chart,End of Season,Mapeto a nyengo,Mwisho wa Msimu,Охири мавсим,Kutha kwa nyengo,true,Impela ya nshita,Mbuli mwaaka mbuwakamana wakulima,Ma felelezo a silimo sa njimo,kukuma chachilaaka,kumpelo ya mayoo,Kusongo yangonde,Paumaliro wa nyengo panji chaka,
climate-chart-endofseasonisdefinedasthelastdayintheseason1stoctober30thaprilwithmorethan10mmofrainfall,climate,chart,End of season is defined as the last day in the season (1st October - 30th April) with more than 10mm of rainfall.,Mapeto a nyengo akutanthauza tsiku lomaliza mu nyengo (1 okotobala mpaka 30 epulo) lomwe kwagwa mvula yoposa 10mm,Mwisho wa msimu hufafanuliwa kama siku ya mwisho msimu (1 Oktoba - 30 Aprili) na zaidi ya 10mm ya mvua.,Анҷоми мавсим ҳамчун рӯзи охир дар мавсими (1 октябр - 30 апрел) бо зиёда аз 10 миллион боришот муайян карда мешавад.,Kutha kwa nyengo kutanthauza tsiku lomaliza mu nyengo (1 okutobala mpaka 30 epulo) lomwe kwagwa mvula yoposa 10mm,true,ukupwa kwa inshita kwalondolwela ngo bushiku bwa kulekelesha mu nshita 1st octber-30April ne mfula ukucila pali 10mm,Mbuli mwaaka mbuwakamana wabulimi kutalikila mu (1st October -30th April) avwula iisika kumweelwe wa 10mm,Mafelelezo a silimo sa njimo ki zazi yama felelezo a silimo sa njimo (1st October-30 April) ni pula yefitelela fa 10mm,"kukuma chachilaaka, achilumbununa neyi ifuku dakumanisha chilaaka (neyi 1st october (ivumbi danyanya) - 30th april (kulundu) konoka nvula yakuhambakana chipimu cha 10mm",kumpelo ya nokelo ya mvula,Likumbi lyamakushilo mungonde chikiko kukuma changode( ha 1Kasukwe-30 kambamba nalisa) Kuhambana 10mm ya vula.,Umaliro wanyengo chikunganamula zuwa laumaliro munyengo (ngeti yavula) (1 Okutobala mpaka 30 Epulero) apo vula yawa yakukwana 10 mm,
climate-chart-extreme,climate,chart,Extreme,Kupyola Muyeso,,,Kupitilira Muyeso,true,ukucilamo,Mbuli mwaaka nowakacita kabotu,ze ng'ta,kuhitilila chipimu chatela,kukila mukipimo,Kuhambakana museteko,Kujumpha muzere,
climate-chart-extremerainfall,climate,chart,Extreme Rainfall,Mvula yopyola muyeso,,,Kugwa kwa Mvula kopitilira muyeso,true,Imfula iyacilamo,Mbuli vwula mboyakawa kabotu kwamwaaka ooyo,Pula yengata ye fitelela,nvula yakubadika chipimu chatela,kunoka mvula mukatampe,Vula inasweze,Vula yakujumpha muzere,
climate-chart-extremerainfallaredayswherethetotalamountofrainexceedsthe95thpercentile,climate,chart,Extreme rainfall are days where the total amount of rain exceeds the 95th Percentile,Mvula yopyola muyeso ndi masiku amene mlingo wa mvula yapitilira gawo la 95 percent,,,Kugwa kwamphamvu kwa mvula ndi masiku omwe mvula yonse pamodzi yowonkhetsedwa yapitirira 95th Percentile,true,Imfula iyakulisha ni shiku umo imfula yonse iyacila pa mapesenti 95,mbuli vwula mboyakawa kabotu kwamwaaka ooyo mboyakaindilila amweelwqe wa 95%,Pula yengata ki ma zazi ya fitelele 95% ya pula,Kunoka chanvula yakubadika hinvula yanokangá kuhitilila chipimu cha 95th Percentile,kunoka mvula mukatampe,Nge ngwetu vula inasweze akiko makumbi aze vula yeshi kuhambananga seteko ya 95%,Vula yakujumpha muzere ni mazuwa agho vula yawa kujumpha vigawa 95 pavigawa 100.,
climate-chart-frequencyofextreme,climate,chart,Frequency of Extreme,Kachulukidwe ka kupyola muyeso,,,Kuchuluka kopitilira muyeso,true,Imiku iingi iyacilapo,zyiindi ivwula niyakawa mubunji,Kufitelela ze behilwe,mapampa akubadika chipimu chatela,kimye kyabaya mvula ne mwela inge byabaya,Kutwalillilaho kusweza,Unandi wakujumpha muzere,
climate-chart-length,climate,chart,Length,kutalika,,Дарозӣ,kutalika,true,Ubutali,mwewelwe ivwula nguyakatola kuwa,butelele,kuleha,kulepa,Kusuwa,Utali wake,
climate-chart-lengthofseason,climate,chart,Length of Season,Kutalika kwa nyengo,Muda wa Msimu,Мавсими мавсим,Kutalika kwa nyengo,true,Ubutali bwa nshita,mweelwe ivwula ngoyakatola kuwa mwaaka ooyo wabulimi,Butelele bwa silimo sa njimo,kuleha chachilaaka,kulepa kwa ene mayoo,Ngonde yayisuku,Utali wanyengo,
climate-chart-lengthofseasonisdefinedasthetotaldaysfromthestartoftheseasonuntiltheendoftheseasonasdefined,climate,chart,Length of season is defined as the total days from the start of the season until the end of the season as defined,Lutalika kwa nyengo kutanthauza masiku onse kuyambira pachiyambi mpaka pamapeto a nyengo monga momwe zafotokozedwa,Urefu wa msimu hufafanuliwa kama siku zote kutoka mwanzo wa msimu mpaka mwisho wa msimu kama ilivyoelezwa,Дарозии мавсим ҳамчун рӯзҳои умумии аз оғози мавсим то охири мавсим муайян карда мешавад,Kutalika kwa nyengo kutanthauza masiku onse kuyambira pachiyambi mpaka pamapeto a nyengo monga momwe zafotokozedwa,true,Ubutali bwa nshita bwalondololwelwa nge nshiku shonse ukufuma pa kutendeka kwa nshita bukufika ku mpela ya nshita nga fintuyal0ondolwelelwe.,mweelwe ivwula ngoyakatola kuwa mwaaka ooyo wabulimi kutondezya kuzwa niyakatalika kuwa kusikila niyakaleka kuwa,butelele bwa silimo sa njimo ki mazazi kaufela aku kala koyofita ma felelezo,kuleha chachilaaka achilumbununa neyi mafuka akuhita kufuma hakutachika chachilaaka kushika hakukuma,kulepa kwa kimye kyamvula,Kusuwa cha ngonde yavula chapwa kuvula chamakumbi osena avula kufuma haputula swi na kusongo ya ngonde,Utali wa nyengo ukung'anamula kusazga vula yose iyo yapangika wayilemba kufumira pa kudankha mpaka paumaliro wa nyengo,
climate-chart-maximumtemperatures,climate,chart,Maximum Temperatures,Mulingo wakatenthedwe kukatentha kwambiri,,,,true,,,,,,,kuotcha  chomene,
climate-chart-maxtemps,climate,chart,Max Temps,Mulingo wakatenthedwe kukatentha kwambiri,,,,true,,,,,,,kuotcha  chomene,
climate-chart-minimumtemperatures,climate,chart,Minimum Temperatures,Mulingo wakazizilidwe kukazizira kwambiri,,,,true,,,,,,,kuzizima chomene,
climate-chart-mintemps,climate,chart,Min Temps,Mulingo wakazizilidwe kukazizira kwambiri,,,,true,,,,,,,kuzizima chomene,
climate-chart-rain,climate,chart,Rain,Mvula,,,Mvula,true,Imfula,Ivwula,Pula,nvula,mvula,Vula,Vula,
climate-chart-seasonalrainfall,climate,chart,Seasonal Rainfall,Mvula ya mu nyengo,Mvua ya msimu,Боришоти мавсимӣ,Mvula ya mu nyengo,true,Imfula ya nshita,Ivwula yamwaaka wabulimi ooyo,Pula ya silimo,nvula yamuchilaaka,kipimo Kya mvula unoka,Vula ya hangonde hi ngonde,Vula ya munyengo,
climate-chart-seasonalrainfallisdefinedasthetotalrainrecordedfromthestartoftheseasonuntiltheendoftheseason,climate,chart,Seasonal rainfall is defined as the total rain recorded from the start of the season until the end of the season,Mvula ya mu nyengo imatanthauza mvula yonse yomwe yalembedwa kuti yagwa kuyambira pachiyambi mpaka pa mapeto a nyengoyo,Mvua ya msimu hufafanuliwa kama mvua ya jumla iliyoandikwa tangu mwanzo wa msimu mpaka mwisho wa msimu,Боришоти мавсимӣ ҳамчун борони умумии аз оғози мавсим то охири мавсим муайян карда мешавад,Mvula ya mu nyengo imatanthauza mvula yonse yomwe yalembedwa kuti yagwa kuyambira pachiyambi mpaka pa mapeto a nyengoyo,true,imfula ya nshita imo ine ilondololwa nge mfula yonse iyalembelwe ukufuma pa kutendeka kwa nshita ukufika ku mpela ya nshita,Niyakatalika kuwa ivwula kusikila kumamanino aabulimi bwamwaaka ooyo,Pula yenelile italusa kuli pula kaufela yenelilekkwa makalelo mwa silimo sa bulimi kuyofita mafelezo,nvula yamuchilaaka hi chipimu chanvula yinanoki kufuma kutachi chachilaaka kushika kukuma kwachu,kipimo kya mvula byoakumbanya,Vula yahangond yapwa vula yosena vanakopo kufuma ha kuputuka cha ngonde swi nakusongo yangonde,"Vula ya munyengo yikung'anamula kusazga vula yose iyo yawa kufuma apo vula yikayambira mpaka apo nyengo yavula yikamalira ",
climate-chart-seasonaltotalrainfallmm,climate,chart,Seasonal Total Rainfall (mm),Mvula yathu yathunthu ya nyengo yapadera (mm),,,Mvula yonse yomwe yagwa mu nyengo yamvula (mm),true,imfula yonse iya mu nshita{mm},Ivwula yakawa mwaaka wakulima ooyo kulemba muma (mm),Pula kaufela ye nelile mwa silimo (mm),chipimu chanvula muchilaaka,nambala ya mvula yense unoka,Vula yangonde yosena mu ma (mm),Vula yose ya munyengo iyo yasazgika (mm),
climate-chart-start,climate,chart,Start,Kuyamba,,,chiyambi,true,Ukwamba,Ivwula niyakatalika,Kukala,kutachika,kutendeka,Kuputuka,Kuyamba,
climate-chart-startofseason,climate,chart,Start of Season,chiyambi cha nyengo,Kuanza kwa Msimu,Оғози мавсим,chiyambi cha nyengo,true,Ukwamba kwa nshita,Ivwula noyakatalika kuwa mwaaka wabulimi ooyo,Makalelo a silimo sa bulimi,kutachika chachilaaka,kutendeka kwa mayoo,Kuputuka cha ngonde,Kuyamba kwa nyengo,
climate-chart-startofseasonisdefinedasthefirstoccasionfrom1stoctoberwithmorethan25mmina3dayperiodandnodryspellof10daysormorewithinthefollowing30days,climate,chart,Start of season is defined as the first occasion (from 1st October) with more than 25mm in a 3 day period and no dry spell of 10 days or more within the following 30 days,chiyambi cha nyengo chimatanthauza mvula yoyamba (kuyambira pa 1 okotobala) yomwe yagwa kuposa mlingo wa 25mm mu masiku atatu ndipo kuti panalibe ng'amba ya masiku oposa khumi mu masiku makumi atatu kuchokera nthawi yomwe mvula inagwa.,Mwanzo wa msimu hufafanuliwa kama tukio la kwanza (kuanzia 1 Oktoba) na zaidi ya 25mm katika kipindi cha siku 3 na harufu kavu ya siku 10 au zaidi ndani ya siku 30 zifuatazo,Оғози мавсим ҳамчун як воқеаи аввал (аз 1 октябр) бо зиёда аз 25 мм дар муддати 3-уми якрӯзаи ва на имлои хушк дар давоми 30 рӯз нест,chiymabi cha nyengo chimatanthauza mvula yoyamba (kuyambira pa 1 okutobala) yomwe yagwa kuposa mlingo wa 25mm mu masiku atatu ndipo kuti panalibe ng'amba ya masiku oposa khumi mu masiku makumi atatu kuchokera nthawi yomwe mvula inagwa.,true,Ukutendeka kwa nshita kwalondolwelwa nge nshita ya kwambilapo ukufuma pa 1 october nefyacilapo pali 25mm munshita sha shiku shitatu kabili ukwabula icilala nshikun 10 nangu ukucilapo ne nshiku 30 ishakonkapo,Ivwula niyakatalika (kuzwa mu 1st October) kwiindilila amweelwe wa 25 mm mumazuba aali otatwe 3 kakwiina cilanga kusikila kumazuba aali nkumi 10 antela kusikila kuli mazuba aali makumi otatwe 30,Ma kalelo a silimo sa njimo atalusa kuli zapili zakueza (kukalela la 1st October)ni pula yefitelela 25mm mwa mazazi ama lalu mi ni pula isweli ku nela mwama zazi a kuketa lizoho kuyofita ma zazi a kwana 30.,kutachika chachilaaka chalumbunuka neyi nvula yatachi (hefuku datachi mwinvumbi danyanya) yinabadiki chipimu cha 25mm yinanoki mumafuku asatu chakubula kwikala na changáa mumafuku ikumi anadilondezhi kushika mafuku makumi asatu mudoku kakwezhi,kimye kitendeka mvula kunooka,"Kuputuka cha ngonde chapwa lwola lwa tete ( kufuma ha 1Katundwe) na vula yakuhambakana 25mm mu makumbi a 3kaha chkuzeneka changa chamakumbi 10 chipwe kuhambakana , oloze mukachi kamakumbi 30",Kuyamba kwa nyengo kukung'anamula vula yakwamba (kufumira pa 1 Okutobala) iyo yawa kujumpha 25mm mu mazuwa ghatatu kweniso kwambula kuwa na ng'amba yakukwana mazuwa 10 panji kujumpha mumazuwa gha kukwana makhumi ghatatu.,
climate-chart-temperaturec,climate,chart,Temperature (°C),Mulingo wakutentha/wakaziziridwe,,,,true,,,,,,,kaotchero/kazizimiro,
climate-chart-themeanmaximumandhighestmaximumdailytemperaturesperyear,climate,chart,The mean maximum and highest maximum daily temperatures per year,Mulingo wapakatikati wakutentha kwambiri kwa tsiku ndi tsiku pachaka,,,,true,,,,,,,Mulingo wapakati wakuotcha chomene wa dazi na dazi pachaka chose,
climate-chart-themeanminimumandlowestminimumdailytemperaturesperyear,climate,chart,The mean minimum and lowest minimum daily temperatures per year,Mulingo wapakatikati wakuzizira kwambiri kwa tsiku ndi tsiku pachaka,,,,true,,,,,,,mulingo wapakati wakuzizima chomene wa dazi na dazi pachaka chose,
common--above,common,,Above,Pamwamba,,,Pamwamba,true,Pamulu,Mweelwe waata wavwula,Fa halimu,hewulu,peulu,Helu,Pachanya,
common--addphoto,common,,Add Photo,Tengani chithunzi,,,Ikani Chithunzi,,Lundenipo icikope,Mweelwe amubikke cifwanikiso,Mubehe ma pictala,kusha mwevulu,bikaimo kipikikyala,Hakilaho muvwimbimbi,Tolani nakuwikapo pikichala,
common--arethechangesagoodidea,common,,Are the changes a good idea?,,,,,true,,,,,,,,
common--areyousureyouwanttodelete,common,,Are you sure you want to delete?,Mukutsimikiza kuti mufuna mufufute?,,,Kodi mutsimikiza kuti mufuna kufufuta?,,Bushe cacine mulefwaya ukufuuta?,Muli masimpe muyanda kuzimaanya kumwaya,Kana mulumezi kuli mubata ku zusa ze?,munachitezhi chalala nenu munakukengá kuzhima?,mubena kukeba kufuta abino byonse nyi?,Pundu vene unazange ujime?,Mukunneneska kuti mukukhumba kufufuta,
common--below,common,,Below,Pamunsi,,,Pansi,true,Pesamba,Mweelwe waansi wavwula,Fafasi,heshina,munshi,Mwishi,Musi,
common--budget,common,,Budget,,,,,true,,,,,,,,
common--bycontinuingyouagreetoour,common,,"By continuing, you agree to our","Mukapitiriza, ndekuti mwagwirizana nazo",,,,,,,,,,,,
common--calculatedwiththedaterangeofstartofrainsandendoftherains,common,,Calculated with the date range of Start of rains and End of the rains,Yomwe yawerengetseredwa pakati pa date loyambira ndi lothera mvula,,,pendeselani nthawi ya kuyamba kwa mvula ndi kutha kwa mvula,true,ukupendelwa ne nshiku sha kutendekelako imfula no kupwa kwa mfula.,Kubala ivwula niya tanga niyatalika alimwi alimwi avwula niyamana,mu bale zazi ye kala pula kukalela zazi ya makalelo kuyofita mafelelezo,kuchinda kweseka nefuku dakutachika chanvula nifuku dakukuma chanvula,kuvwanga ne kutana sabwakya wa nokelo ya mvula muyoyo mpunzha,Zachisa likumbi uwane kuputuka nakukuma cha vula,Iyo yawerengereka pakati pa ma deti kufuma pakuyambira vula mupaka paumaliro wa vula,
common--calendar,common,,Calendar,,,,,true,,,,,,,,
common--capacityof100mmon1stmarchreduces05withevaporationrateof5mmperday,common,,Capacity of 100mm on 1st March reduces 0.5 with evaporation rate of 5mm per day,"Kuthekera kwa ma milita 100 pa 1 March kumachepa ndi theka madzi akamachoka munthaka ma milimita 5 pa tsiku, posanduka mpweya",,,Kuthekera kwa 100mm pa 1 Marichi kumachepa ndi mlingo wa 0.5 ndi kutha kwa madzi kwa 5mm patsiku,true,ukufikapo kwa 100mm pa bushiku bwa kubalilapo ukwa mweshi kucefyako 0.5 no kupongomoka kwa 5mm cila bushiku,Mweelwe wavwula uusika kuli 100 mm mu 1st March kwamana ilatalika kuceya amweelwe wa 0.5 akuululuka amweelwe wa 5 mm abuzuba,Pula ye kuma fa 10mm fa 1st March kukuta fafasa fa 0.5mm ni kubala mezi yaya kwa halimu fa 5mm ka zazi,chipimu cha 100m ha 1 mayinza amaneni chinakehi na 0.5 nachipimu chakupekumoka cha 5mm hefuku,kwikala na ngovu yanokelo yamvula ya fika ku 100mm pa juba jitanshi mu nondo wa kisaka,Kuvula cha 100mm ha 1 Kuwana chinatepuluka ha seteko ya 0.5 kuhichila mukukakumuka chameya ha seteko ya 5mm hakumbi hakumbi,"Vula yakukwana 100mm pa 1 Malichi kukuzakachepa na hafu chifukwa cha maji agho ghakuputa na mphepo pa mweso wa 5mm pazuwa ",
common--choosecountry,common,,Choose country,Sankhani Dziko,,,Sankhani dziko,,Sala icalo,Kusala cisi,Mukete naha,kusakula itungá,salai kyalo,Sakula lifuchi,Sakhani chalo,
common--chooselanguage,common,,Choose language,Sankhani Chilankhulo,,,Sankhani chilankhulo,,sala ululimi,Kusala musyobo wamulaka,Mukete mushobo,kusakula muchidi,salai mulaka yemukebe,Sakula lilimi,Sankhani chiyowoyero,
common--clearall,common,,Clear All,Chotsani zonse,,,Chotsani Zonse,,fumyapo fyonse,kucita zyoonse,Muzuse kaufela,kuzhima zhezhima,fumyapo byonse,Fumisaho vyosena,Sisitani vyose,
common--climate,common,,Climate,Nyengo,,,Nyengo,,imiceele,Lucinca kwaluuwo mbuli mboluunga,Lichinceho za myaha ni muoya,mpepela muluzwizwi,"lupimpu lwa mwela,mvula ne lubesha muyoyo mpunzha",Ngonde,Nyengo,
common--demo,common,,Demo,Chionetsero,,,Chiwonetsero,,ukulangisha,Kuba aamyuunda yacitondezyo,Zaku zibahaza,chakumwekeshelaku,bujimi pa kumwesha,Chakutalilaho,Choneskero,
common--district,common,,District,Boma,,,Boma,,,,,,,,Boma,
common--drawhere,common,,Draw Here,Jambulani apa,,,Jambulani Apa,,lengeni apa,Amulembe cifwanikiso aawa,mung'le fa,sonekaku aha,lengai abino byonse pano ponka,Tenga hano,Jambulani apa,
common--editprofiles,common,,Edit Profiles,Sinthani mbiri,,,Sinthani mbiri,true,Ukuwamya imitantikile,Amulembulule zyeelende kulembululwa,mungole hande li pampili,sonekaku chiwahi zhakunyilukilaku,kupituluka mu byanembwa,Soneka nakusondolo unjiho,Sinthani mbiri,
common--extension,common,,Extension,Ulangizi,,,Kukuza,true,,,,,,,,
common--farmer,common,,Farmer,Mlimi,,,Mlimi,true,,,,,,,,
common--farmeractivities,common,,Farmer Activities,Ntchito za mlimi,,,Nchito Za Mlimi,,imilimo ya mulimi,Milimo jobakutauka balimi,Misebezi ya balimi,nyidimu yawandimi,mingilo ya kwingila banjimi,Vikilikita vya njimi,Ntchito za mulimi,
common--first3daysreceivingrainfallamountof20mmandnotfollowedby9daydryspellforthenext21days,common,,First 3 days receiving rainfall amount of 20mm and not followed by 9-day dry spell for the next 21 days,Masiku atatu oyambirira akulandira mvula yokwana 20mm ndipo osatsatiridwa ndi nyengo yang'amba ya masiku 9 kwa masiku 21 otsatira,,,Masiku atatu oyamba kulandira mvula ya 20mm ndipo osatsatiridwa ndi masiku 9 opanda mvula kwa masiku 21 otsatira,true,,mazuba aakutaangula aali otatwe 3 ivwula niyatalika kuwa mweelwe usika ku 20 mm inga kwiina ciyumayuma kusikila kumazuba aali 9 kusikila kuma zuba aali 21,Mazazi amalalu kuamuela pula yekuma fa 20mm mi nimazazi akwa 9 kusa amuela pula konji kuyo fita mazazi a 21,"mafuku asatu atachi kutambula nvula yamuchipimu cha 20mm, kulondezhewa namafuku makumi ayedi nadimu akubula changáa",mba asatu anokele mvula wafika ku 20mm mu kimye kitanshi mu yeo mwaka wa bunjimi,"Vula yayinene yakuheta 20mm yanokele ha makumbi atatu akulivanga, kayakavangijileho cheka makumbi 9 a changako chapwileko makumbi 21 akavangijileko",Mazuba ghatatu ghakwambirira ghakupokera vula yakukwana 20mm kwambula kulondezgana na ng'amba yamazuba 9 pamazuba 21 ghakulondezgana,
common--hideoptions,common,,Hide Options,Bisani Zipangizo,,,Bimphani zosankha,true,,,,,,,,
common--highestmaximumdailytemp,common,,Highest maximum daily temp,Mulingo wakatenthedwe kwambiri  patsiku,,,,true,,,,,,,kuotcha chomene kwa pa zuwa,
common--imafarmer,common,,I'm a farmer,Ndine Mlimi,,,Ndine mlimi,,ndi mulimi,kuzyiba kuti ulimulimi,Kiina mulimi,nidi ndimi,Amiwa ne njimi,Ngwapwa ngu Njimi,Ndine mulimi,
common--imanextensionworker,common,,I'm an extension worker,Ndine Mlangizi,,,Ndine nyanchito wa zaulimi,,Ndi mubomfi wa kulundulula,Munasibulimi ugwasyilizya balimi.,Kiina mubeleki wa njimo,nindi nkongí yanfulumendi yemanaku andimi mwilungá nidi,amiwa ne wa mwingilo utala pa bya bunjimi,Ngungamba wakutuma kuli fulumende,Ndine mulangizi,
common--isyourclimatechanging,common,,Is your climate changing?,,,,,true,,,,,,,,
common--loading,common,,Loading,Zikubwera,,,Kutsegula,,Ukulonga,Kulonga zyimwatebula,ku kenisa,kulongá,kubikamo bintu,Kulongejeka,Kupakira,
common--lowestminimumdailytemp,common,,Lowest minimum daily temp," Mulingo wakuzizira kwambiri patsiku",,,,true,,,,,,,kuzizima chomene kwa pa zuwa,
common--manual,common,,Manual,Buku,,,Buku la malangizo,,Ifyakubomfya,Ibbuku yakulemba zyomucita,Pmpili ya buka,mukanda,buuku wakufunjilamo bintu,Mukanda,Buku lakulongozga,
common--meanmaximumdailytemp,common,,Mean maximum daily temp,mulingo wapakatikati wakathenthedwe kwa patsiku,,,,true,,,,,,,Mulingo wapakati wakaotchero kwa pa zuwa,
common--meanminimumdailytemp,common,,Mean minimum daily temp,Mulingo wapakatikati wakaziziridwe kwa patsiku,,,,true,,,,,,,Mulingo wapakati wakazizimiro kwa pa zuwa,
common--monitoring,common,,Monitoring,Kuwunikira,,,Kuyanganira / Kuyendera,true,ukuceeceta,Kulingula akubona kuti zyintu zyili kabotu,Ku bona,kumona nenu nyidimu yinakwenda chiwahi,kupitulluka mu mungilo yonse ne kupesa-pesa,Kutalatala,Kubekeseska mwakulondezga na kupulikiska,
common--name,common,,Name,Dzina,,,Dzina,true,,,,,,,,
common--newprofile,common,,New Profile,Mbiri yatsopano,,,Profaelo yatsopano/ mbiri yatsopano,true,ubunte ubupya,Kubikka mutwe mupya,pampili yenca,profawu yayiha,musabil wenu mukwabo,Unjiho wa mazu wauhya,Mbiri yiphya,
common--nophotosadded,common,,No photos added,Palibe chithunzi chaikidwa,,,Palibe zithunzi zoyikidwa,,tapali ifikopen ifyalundwako,Kwiina zyifwanikiso zyiyandika kubikka,Hakuna li pictala zebehilwe fa,kosi nyevulu munashihu,kafwako bipikikyala ne,kavahakileho mivwimbimbiko,Palije pikichala iyo yasazgikirako,
common--options,common,,Options,Zisankho,,,Zosankha,true,,,,,,,,
common--pdfviewernotsupportedonthisdevice,common,,PDF Viewer not supported on this device,Makina awawa samasegula PDF,,,pulogilamu yotsegulila PDF sikuvomelezedwa pa chipangizochi,,icilangililo ca pdf taci suminishiwa pali ici cibombelo,Balanga PDF taizumizyindwe oomu,Mukwa wa PDF aulumeli fa luwaile wo,makina akwenzunwisha mukanda wa PDF awitezha wanyi hadi awa makina,pakinembesho kyaPDF kechi kibena kwimuswisha ne,Vakakutala Mikanda ili mu PDF kaveshi kuhasa kuyimona mulikina linoko,PDF yindakhazikiskike pa chlwero ichi,
common--pleaseinstallthelatestversionofgooglechromeandrestart,common,,Please install the latest version of Google Chrome and restart,Chonde ikani mtundu watsopano kwambiri wa Google Chrome wamakono. Kenako zimitsani ndikuyasanso makina anu,,,Chonde yikamponi pulugilamu yatsopano ya Google Chrome ndi kuyambitsanso chipangizo canu,,mukwai bikenipoi umusango upya uwa google chome nokutendeka nakabili,Kaka amubille instal version ya Google Chrone impya akwiitalisya (restart),mubehe mukwa womunca wa google app mi kukale sinca,shenu google chrome yayiha ha shingá yenu,bikaimo misabilo ya google pakwingwijisha kamulupi,Watela kuhaka mulikina lino muyachi wauhya wa goole chrome numba jino ukwachise likina lino,Chonde wikanimo Gugo kuromu muphya nakubuskaso foni yinu,
common--probability,common,,Probability,kuthekera koti zikhoza kuchitika,,,mpata wa zoyembekezeleka,,Ukulingana,Zyilagilwa kucitika (probability),Ze kona kuezahala,kutela kumwekana kwayuma,"kwesekanya kwalupimpu lwanokelo ya mvula,mwela ne lubesha",Nambala inahase,Mwawi wakuti vingachitika,
common--probabilityandrisk,common,,Probability and Risk,Kuthekera and Ziopsezo,,,Mpata komanso ziophyezo,true,,,,,,,,
common--province,common,,Province,Chigawo,,,Dela,,Incende,Ooko,Provinsi,kabeta,kibunji,Ngalila,Chigawa,
common--ram,common,,Ram,,,,,true,,,,,,,,
common--redo,common,,Redo,Panganinso,,,Kubwelezanso,,bwekeshenipoi,Amucite alimwi,Ku kutiseza,kufuntishilahu,bwezhaipo kwikyuba,kundulwisaho,Panganiso kachiwiri,
common--resourceallocationmap,common,,Resource Allocation Map,,,,,true,,,,,,,,
common--restartapp,common,,Restart App,"Zimisani kenako ndikuyasanso PICSA ",,,Yambitsaninso pulogalamu,,Tendekeni nakabili app,Amwiitalisye alimwi App,kukala kuitusisa mukwa,kutachikisha chibanjilu cha shingá,Tendekai jikwabo kumushinkula app,Kwachisa kamuchivali,Bushaniso apu yinu,
common--seasonalcalendar,common,,Seasonal Calendar,Kalendala ya nyengo,,,Kalenda ya Nyengo,true,,,,,,,,
common--seasonaltotalrainfallcalculatedbetweenthedefinedstartanddefinedendoftheseason,common,,Seasonal total rainfall calculated between the defined start and defined end of the season,Mvula yonse yogwa pachaka yomwe yawerengetseredwa pakati pa kuyamba ndi kutha kwa nyengo ya mvula,,,Mvula yonse ya nyengo yowerengetseledwa pakati pa kuyamba koyambika ndi kutha koyambika kwa nyengo,true,Imfula yonse iya nshita iyapendelwe pakati ka kutendeka ukwalondolwele ne mpela ya nshita iyalondolwelwe,Amusanganye ivwula yakawa mwaaka wabulimi ooyo kuzya niyakatalika kusika niyakamana,Pula kaufela ye fumanwi ku bala kwa makalelo kuyofita kwa mafelezo a silimo sa njimo,chipimu chanvula yinanoki muchilaaka kufuma kutachi kwachu kushika kukukuma,nambala yapimwa pa nokelo ya mvula pakutendeka ne kumpelo ya mvul mayoo,Vula yosena yangonde vayisoneka kufuma tuhu vene hakuputuka cha ngonde swi nahakukuma cha ngonde,Vula yose iyo yawa nakuwerengesereka pakati pa kuyambira na pa kumalira pa nyengo ya vula mu chaka,
common--showoptions,common,,Show Options,onetsani zipangizo,,,Wonetsani zosankha,true,,,,,,,,
common--termsofuse,common,,Terms of Use,Ndondomeko za Kachitidwe,,,,,,,,,,,,
common--tool,common,,Tool,,,,,true,,,,,,,,
common--tutorials,common,,Tutorials,,,,,true,,,,,,,,
common--undo,common,,Undo,Kuchotsa zomwe mudapanga,,,Kubwezeretsa,,Ukubweseshamo,Amwiindulule kucita alimwi,ku kutiseza,kufumisha,kubwela kunyuma,Hilwisa vyapwangaho,Kusintha ivyo makupanga kuti viwerere pa kale,
common--update,common,,Update,Sinthani kuti mtundu watsopano kwambiri ubwere,,,Kusintha zina ndi zina,,ukuwamya,Amubone kuti lyoonse mulayungizya zyiyandika kuyungizya,ku beha,kuwahisha makina kulonda yendili hamu nayuma yayiha,kupana sabwakwa mupya,Kweulula,Pangani mwakuti viwoneke vyasono,
common--usetheforecaststoupdateandadaptyourplans,common,,Use the forecasts to update and adapt your plans,Kugwiritsa ntchito ulosi kukonzanso ma plani,,,,true,,,,,,,,
common--whataretheopportunitiesandrisk,common,,What are the opportunities and risk?,,,,,true,,,,,,,,
common--whatbestdescribesyou,common,,What best describes you?,Kodi chimakufotokozani bwino nchiyani?,,,Kodi nizinthu zotani zomwe zimasulira za inu bwino?,,Bushe finshi ifyo fikulondolola bwino,Ino cinzi cimupandulula kabotu mbuli mbomubende?,Kana king'I zemi zibisa?,chumaní chakwilukilangáwu,nanyi jishinda jo twafwainwa kwimuyukilako,Inyi ove vakulumbununa ngachilihi,Ntchivichi icho chingamulongosolani makola imwe?,
common--whatchangescanyoumake,common,,What changes can you make?,,,,,true,,,,,,,,
common--whatdoyoucurrentlydo,common,,What do you currently do?,,,,,true,,,,,,,,
common--whatishappeningtotheclimateinyourarea,common,,What is happening to the climate in your area?,,,,,true,,,,,,,,
common--whatispicsa,common,,What is PICSA?,,,,,true,,,,,,,,
common--whoisusing,common,,Who is using?,Akugwiritsa ntchito ndi ndani?,,,Ndani akusewenzetsa,true,Ninani alebomfya,Nguni uubelesya?,Ki mang'I yaitusisa,hinyi nakuzatisha,nanyi ubena kwingijisha,Hiya ali nakuzachisa?,Ninjani wakugwiriska ntchito?,
common--year,common,,Year,"chaka ",,,,true,,,,,,,chaka,
common--youdecideandmakeaplan,common,,You decide and make a plan,,,,,true,,,,,,,,
common-buttons-back,common,buttons,Back,Kubwerera,,,Bwelerani,,Kunuma,Zyakutyanka Kujokela musyule,ku kutela,kufunta,kubwela kunyuma,Kinduluka,Wererani ku manyuma,
common-buttons-cancel,common,buttons,Cancel,thetsani,,Манъ кардан,kuletsa,,Fuuta,Kuleka,ku zusa,kuzhima,kukansula,Fumisaho,Lekezgani nakulekelathu,
common-buttons-close,common,buttons,Close,Tsekani,Funga,Наздик,Tsekani,,Ukwisala,Kujala,Ku kwala,kwenzela,kushinka,Soka,Jalani,
common-buttons-delete,common,buttons,Delete,Kufufuta,,,Fafanizani,,Ukufuta,Kuzimaanya,Ku zusa,kufuta,kufuta byonse,Jima,"Sisitani ",
common-buttons-edit,common,buttons,Edit,Sinthani,,,Lembani bwino,,Ukuwamya,Kubambulula,Ku ng'la hande,kusonekamu chengí,kupitulukamo bulongo,Vatwojola,Sinthani,
common-buttons-next,common,buttons,Next,pitani tsamba lina,,Баъдӣ,ina,,Ifyakonkapo,Kwiinka aambi,ze tatama,chinasinsimu,kyalondelapo,Chinakaveho,Lutani pa peji linyake,
common-buttons-save,common,buttons,Save,sungani,Hifadhi,Пул захира кардан,sungani,,Ukusunga,Kuyobola,Kubuluka,kuhemba,kulama bulongo kajo komwanowa,Lama,Sungani,
commoncropactivity--applyfertiliser,common_crop_activity,,Apply Fertiliser,kuthira feteleza,,Ба кор нуриҳо муроҷиат кунед,thirani feteleza,,Bikeni umufundo,Amubinke camutuzya,kubeha mununo,kusha wushi,kubika mbolesha,Haka wilo,Kuthira feteleza,
commoncropactivity--landpreparation,common_crop_activity,,Land Preparation,Kukonza nthaka,,,Kusosa /kukonza Malo,,Ukuwamya mpanga,Amubambe nyika pomuyanda kusyanga,Kulukisa simu,kuwahisha maha,kujima,Kuwahisa wande,Sosani nakugaula panji kugalauza,
commoncropactivity--sowing,common_crop_activity,,Sowing,kufesa,,кишти,kufesa,,Ukubyala,Kusyanga,kucala,kukuwa,kubyala,Kukuva,Kufesa,
commoncropactivity--watering,common_crop_activity,,Watering,kuthirira,,обёрӣ,kuthirira,,Ukutapilila,Kwiinda,kuselaela,kutukumwina,kutekezha,Kutukumwina,Kuthirira,
commoncropactivity--weeding,common_crop_activity,,Weeding,kupalira,,хишова,kupalira,,Ukusekwila,Kulimina,kutaula,kusangúla,kusekwila,Kusangula,Kuvutilira,
commoncrops--avocado,common_crops,,Avocado,Mapeyala,,,Kotapela,,Kotapela,Makotapela,Kotapela,Kotapela,kotapela,Kotapela,Mapeyala,
commoncrops--beans,common_crops,,Beans,Nyemba,,,Kayela,,cilemba,Inyabo zyipati,Manawa,makundi,nkunde,Makunde,Ntchunga,
commoncrops--cassava,common_crops,,Cassava,Chinangwa,,,Chinangwa,,Kalundwe,Mwanja,Mwanja,makamba,makamba,Lupa,Vikhawu,
commoncrops--cotton,common_crops,,Cotton,Thonje,,,Thonje,,Tonge,Butonje,bwanda,ndanda,butonge,Wanda,Thonje,
commoncrops--cowpeas,common_crops,,Cowpeas,khobwe,,гов,nyemba,,Ilanda,Inyabo,manawa asinthu,makundi achifwifwita,nkunde ya lwanda,Makunde alanda,Nkhunde,
commoncrops--groundnuts,common_crops,,Groundnuts,mtedza,,заминӣ,nshawa/mtedza,,Imbalala,Inyemu antela Indongwe,Ndongo,nyimu,mbalala,Vyelu vya munyinga,Skawa,
commoncrops--maize,common_crops,,Maize,chimanga,,ҷуворимакка,chimanga,,Amataba,Mapopwe,Mbonyi,kabaka,mataba,Chivwale,Vingoma,
commoncrops--mangoes,common_crops,,Mangoes,Mango,,,Mango,,Yembe,Mango,Mangoes,mbuma,mango,Jimbuma,Mango,
commoncrops--onions,common_crops,,Onions,anyezi,,,anyezi,,Kanyese,Hanyisi,anyisi,sapola,sapola,Sapola,Hanyezi,
commoncrops--paprika,common_crops,,Paprika,Paprika,,,Paprika,,papulika,Paprika,paprika,Paprika,papulika,Pambilika,Papulika,
commoncrops--pawpaw,common_crops,,Paw-paw,papaya,,По-По,papaya,,popo,Mapopo,paw paw,popu,popo,Lipopo,Vipayipayi,
commoncrops--pearlmillet,common_crops,,Pearl Millet,Mapila,,,Mawele,,Amasaka ya ngale,Pearl Millet,mauza,masangú,luuku,Masangu,Lipoko,
commoncrops--pigeonpeas,common_crops,,Pigeon Peas,nandolo,,нахуд кабӯтар,nyamndolo,,Ngolyolyo,Pigeon Peas,pigeon peas,makundi,ngolyolyo,Makunde a pigeon,Mpheni,
commoncrops--potatoes,common_crops,,Potatoes,Mbatata,,,Mbatatisi,,Ifyumbu,Magwili,Makwili,ntamba yakapa,ntamba ya kilashi,Jitamba ja kapa,Mbambayira,
commoncrops--pumpkins,common_crops,,Pumpkins,Maungu,,,Maungu,,Ifipushi,Myuungu,Mundalangwe,tumaka,myuungu,Mapungu,Majungu,
commoncrops--rice,common_crops,,Rice,mpunga,,биринь,mpunga,,Umupunga,Mumpunga,Rice,losu,mupunga,Loso,Mpunga,
commoncrops--roundnuts,common_crops,,Roundnuts,,,,,,,,,,,,,
commoncrops--sesame,common_crops,,Sesame,Chitowe,,,Mtedza wa Sesiamu,,nseke,Sesame,Sesame,mbutu ya sesame,bwengo,Mutondo wa jitemo jakwima ha mwaka,Sesame,
commoncrops--sorghum,common_crops,,Sorghum,mapila,,сорго,mapira,,Amasaka,Zembwe,Mabele,masa,mebele,Masa,Mdomba,
commoncrops--soyabeans,common_crops,,Soya Beans,soya,,лӯбиёи Суй,Kayela wa soya,,Cilemba wa soya,Soya yanyabo,Manawa a soya,makundi achifwifwita,nkunde ya soya,Makunde a soya,Soya,
commoncrops--sunflower,common_crops,,Sunflower,Mpendadzuwa,,,M'penya dzuwa/nsendemu,,Mulanga kasuba,Malanga zuba,Sunflower,sanifulawa,mutala juba,Sanifulawa,Mpendazuba,
commoncrops--sweetpotatoes,common_crops,,Sweet Potatoes,mbatata ya kholowa,,картошка ширин,kandolo/kachamba,,Ifyumbu,Cimbwali,Ngulu,chingovwa,ntamba,Jitamba jakapa,Mboholi,
commoncrops--tobacco,common_crops,,Tobacco,Fodya,,,Fodya,,Fwaka,Tombwe,Kwayi,kaponda,fwaka,Makanya,Foja,
commoncrops--tomatoes,common_crops,,Tomatoes,tomato,,помидор,chimate,,Tomato,Madeede,Tamangisi,machamacha,mate-mate,Machamacha,Tomato,
commondays-day1-monday,common_days,day_1,Monday,Lolemba,,,Lolemba,,Pali cimo,Buzuba bwakusaanguna mumuvwulo 1,La mubulo,hachimu,pakimo,Lyamande,Mande,
commondays-day2-tuesday,common_days,day_2,Tuesday,Lachiwiri,,,Lachiwiri,,Pali cibili,Mubuzuba bwabili 2,La bubeli,hachiyedi,pakibiji,Lyachivali,Chiwiri,
commondays-day3-wednesday,common_days,day_3,Wednesday,Lachitatu,,,Lachitatu,,Pali citatu,Mubuzuba bwatatu 3,La bulalu,hachisatu,pakisatu,Lyachitatu,Chitatu,
commondays-day4-thursday,common_days,day_4,Thursday,lachinayi,,,Lachinai,,Pali cine,Mubuzuba bwane 4,La bune,hachiwana,pakina,Lyachiwana,Chinayi,
commondays-day5-friday,common_days,day_5,Friday,Lachisanu,,,Lachisanu,,Pali cisano,Mubuzuba bwafwuka 5,La kuketa lizoho,hachitanu,pakitano,Lyachitanu,Chinkhondi,
commondays-day6-saturday,common_days,day_6,Saturday,Loweruka,,,Lachiweru,,Pa cibelushi,Mubuzuba bwacisambomwe 6,La pelekelo,hamposu,pakibelushi,Sateli,Chisulo,
commondays-day7-sunday,common_days,day_7,Sunday,Lamulungu,,,Lamlungu,,Pa sondo,Mubuzuba bwaciloba 7,La sunda,hamulungu,pa mulungu,Chalumingo,Sabata,
commondays-dayshort1-mon,common_days,day_short_1,Mon,Mon,,,Lolemba,,Cimo,Mubuzuba Mumuvwulo,La Monday,hachimu,kimo,Mande,Mon,
commondays-dayshort2-tue,common_days,day_short_2,Tue,Tue,,,Lachiwiri,,Cibili,Mubuzuba Bwabili,La bupeli,hachiyedi,kibiji,chivali,Tue,
commondays-dayshort3-wed,common_days,day_short_3,Wed,Wed,,,Lachitatu,,Citatu,Mubuzuba Bwatatu,La bulalu,hachisatu,kisatu,chitatu,Wed,
commondays-dayshort4-thu,common_days,day_short_4,Thu,Thu,,,Lachinayi,,Cine,Mubuzuba Bwane,La bune,hachiwana,kina,chiwana,Thu,
commondays-dayshort5-fri,common_days,day_short_5,Fri,Fri,,,Lachisanu,,Cisano,Mubuzuba Bwafwuka,La kuketa lizoho,hachitanu,kitano,chitanu,Fri,
commondays-dayshort6-sat,common_days,day_short_6,Sat,Sat,,,Loweruka,,Cibelushi,Mubuzuba Bwamusabata,La pelekelo,hamposu,kibelushi,Sateli,Sat,
commondays-dayshort7-sun,common_days,day_short_7,Sun,Sun,,,Lamlungu,,Sondo,Mubuzuba Bwamusondo,La sunda,mulungu,mulungu,chalumingo,Sun,
commonmonths-month01-january,common_months,month_01,January,January,Januari,Январ,Januwale,,Akabengele kanono,Wa 01 January,Januwale,chinzeji,juba jitanshi mu nondo wakakub kache,Chizeji,Januwale,
commonmonths-month02-february,common_months,month_02,February,February,Februari,Феврал,Febuluwale,,Akabengele kakalamba,wa 02 February,Febuluwale,kusolu,juba ja bubiji mu nond wa nkubo mukata,Kutatu,Febuluwale,
commonmonths-month03-march,common_months,month_03,March,March,Machi,Март,Marichi,,Kutumpu,Wa 03 March,March,mainza amaneni,juba ja busatu mu nondo wa kisaka,Kuwana,Malich,
commonmonths-month04-april,common_months,month_04,April,April,Aprili,Апрел,Epulo,,Shinde,Wa 04 April,Epulo,kulundu,juba jabuna mu nond wa ndolo,Kambamba na lisa,Epulero,
commonmonths-month05-may,common_months,month_05,May,May,,,May,,Akapepo kanono,Wa 05 May,May,kashikana,juba jabuna mu nondo wamulombola,Shika mundende,Meyi,
commonmonths-month06-june,common_months,month_06,June,June,Juni,Июн,Juni,,Akapepo kakalamba,Wa 06 June,Juni,chishika muneni,juba jabutano ne jimo mu nondo wa kapyantonto,Shika munene,Juni,
commonmonths-month07-july,common_months,month_07,July,July,Julai,Июл,Julayi,,cikungulu mpepo,Wa 07 July,Julayi,kapupulu,juba jabutano ne bubiji mu nondo wamankumbi nkumbi,Kuhuhu,Julayi,
commonmonths-month08-august,common_months,month_08,August,August,Agosti,Август,Ogasiti,,Kasakantobo,Wa 08 August,Ogasiti,kakanzakanza,juba jabutano ne busatu mu nondo wa kasala kanduba,Kukumi,Ogasiti,
commonmonths-month09-september,common_months,month_09,September,September,Septemba,сентябр,Seputembala,,Ulusuba lunono,Wa 09 September,Seputembala,nkanza muneni,juba jabutano ne buna mu nondo wa kasala kanduba,Kasukwe,Seputembala,
commonmonths-month10-october,common_months,month_10,October,October,Oktoba,Октябр,Okutobala,,Ulusuba lukalamba,Wa 10 October,Okutobala,ivumbi,juba ja bujikumi mu nondo wa ntundwe,Katundwe,Okutobala,
commonmonths-month11-november,common_months,month_11,November,November,Novemba,Ноябр,Novembala,,Cinshikubili,Wa 11 November,Novembala,ivumbi muneni,juba jabujikumi ne jimo mu nondo wa kapande,Tundwe munene,Novembala,
commonmonths-month12-december,common_months,month_12,December,December,Desemba,Декабр,Disembala,,Umupundu milimo,Wa 12 December,Disembala,kwali,juba jabujikumi ne bubiji mu nondo wa kuvumbi,Kuvale,Disembala,
commonmonths-monthshort01-jan,common_months,month_short_01,Jan,Jan,,Янв,Jan,,Akabengele kanono,Jan,Jan,chinzeji,kakubo kache,Chiz,Jan.,
commonmonths-monthshort02-feb,common_months,month_short_02,Feb,Feb,,Феврал,Feb,,Akabengele kakalamba,Feb,Feb,kusolu,nkubo mukata,Kut,Feb.,
commonmonths-monthshort03-mar,common_months,month_short_03,Mar,Mar,,Пеш,Mar,,Kutumpu,Mar,Mar,mainza amaneni,kisaka,Kuw,Mar.,
commonmonths-monthshort04-apr,common_months,month_short_04,Apr,Apr,,Апралӣ,Apr,,Shinde,Apr,Apr,kulundu,mulombola,Kam,Apr.,
commonmonths-monthshort05-may,common_months,month_short_05,May,May,Mei,Май,,true,,,,,,,May.,
commonmonths-monthshort06-jun,common_months,month_short_06,Jun,Jun,,Июн,Jun,,Akapepo kakalamba,Jun,Jun,chishika muneni,kapyantonto,Shik,Jun.,
commonmonths-monthshort07-jul,common_months,month_short_07,Jul,Jul,,Шаул,Jul,,Cikungulu mpepo,Jul,Jul,kapupulu,mankumbinkumbi,Kuh,Jul.,
commonmonths-monthshort08-aug,common_months,month_short_08,Aug,Aug,,Август,Aug,,Kasakantobo,Aug,Aug,kakanzakanza,kasalakanduba,Kuk,Aug.,
commonmonths-monthshort09-sep,common_months,month_short_09,Sep,Sep,,Сен,Sep,,Ulusuyba lunono,Sep,Sep,nkanza muneni,kainyainya,Kas,Sept.,
commonmonths-monthshort10-oct,common_months,month_short_10,Oct,Oct,,Окт окт,Oct,,Ulusuba lukalamba,Oct,Oct,ivumbi,ntundwe,Kat,Oct.,
commonmonths-monthshort11-nov,common_months,month_short_11,Nov,Nov,,Ноябр,Nov,,Cinshikubili,Nov,Nov,ivumbi muneni,kapande,Tun,Nov.,
commonmonths-monthshort12-dec,common_months,month_short_12,Dec,Dec,,Кек,Dec,,Umupundu milimo,Dec,Dec,kwali,Kuvumbi,Kuv,Dec.,
commonweather--clear,common_weather,,Clear,Kopanda mitambo,,,Chotsani,,Fumyenipo,Nokunyina makumbi,kuzusa,kuzhima,fumyaipo byonse bijipo,Tomesa,Kwambula mabingo,
commonweather--cloudy,common_weather,,Cloudy,Kwamitambo,,,M'dima,,Ikumbi,Nokuli makumbi,Malu amang'ata,kudi mavu,makumbi-makumbi,Mavwi,Kwamabingo,
commonweather--heavyrain,common_weather,,Heavy Rain,Mvula ya mphanvu,,,Mvula Yamphamvu,,Imfula iikalamba,Nokuli vwula ipati,Pula yengata,nvula yeneni,mvula inge wanoka mukatampe,Vula yayinene,Vula yinandi yankhongono,
commonweather--lightrain,common_weather,,Light Rain,Mvula ya mawawa,,,Mvula yochepa,,Imfula iyinono,Nokuli vwula isyoonto,pula yeinyani,nvula yamweseka,mvula inge wasansa pacheche,Vula yamweseke,Vula yichoko yakuwazga,
commonweather--rain,common_weather,,Rain,Mvula,,,Mvula,true,,,,,,,,
cropprobability--calculatedbyusingfaoclimwat20forcropwatandcropwat80andclimatedatafornkhotakotametstation,crop-probability,,Calculated by using FAO CLIMWAT 2.0 for Cropwat and Cropwat 8.0 and climate data for Nkhotakota Met Station.,Kuwerengeredwa pogwiritsa ntchito FAO CLIMWAT 2.0 ya Cropwat ndi Cropwat 8.0 ndi uthenga wa  zanyengo ya Nkhotakota Met Station.,,,Kuwerengela kusewenzetsa FAO CLIMWAT 2.0 for Cropwat and Cropwat 8.0 and climate data for Nkhotakota Met Station.,true,,,,,,,,
cropprobability--calculatedusingfaoclimwat20forcropwatandcropwat80,crop-probability,,Calculated using FAO CLIMWAT 2.0 for Cropwat and Cropwat 8.0,kuwerengedwa pogwiritsa ntchito FAO CLIMWAT 2.0  ndi Cropwat 8.0,,,,,,,,,,,,
cropprobability--chanceofreceivingthewaterrequirementinthedaystomaturityforthiscropvariety,crop-probability,,Chance of receiving the water requirement in the days to maturity for this crop variety,Mwayi olandira madzi amene mbewu imafunikira mu masiku amene mbewu imatenga kuti ikhwime  pa mbewu zosiyanasiyana,,,Mpata wolandila madzi oyenera kuti mtundu wa mbeu iyi iche.,,Ishuko lya kupokelelas amenshi ayafwaikwa mu nshiku sha kukula kuliuyu musango wa filimwa,Bbuku yakulemba zyomucita,Maata akufumana mezi atokwahala kwa mufuta wa sicalo mwa mazazi a lukile kuyofita nako ya kutulo,kutela kchakutambwila menzhi akengékangá kudi iwu muchidi wambutu mumafuku akukula chayu,kwikala najishuko jakwikala na meema akukonsha kukomesha bijimwa,Makumbi akuhya chamiyachi imwe yambuto nameya jatonda mbuto kana,Mwabi wakupokera maji ghakwenerera mumazuba pambere mbewu yindafike pakucha,
cropprobability--crop,crop-probability,,Crop,mbewu,,,zokolora,,Icisabo,Bbuku yakulemba zyomucita,licalo,mbutu,kijimwa,Mbuto,Mbewu,
cropprobability--cropinformation,crop-probability,,Crop Information,Uthenga okhudza mbewu,Maelezo ya Mazao,Маълумоти зироат,Dongosolo lokhudza Mbeu,,Amashiwi ya fyakulima,Milumbe ya cisyango,Mangusa a lipeu,nsangu yambutu,sabwakya pa bijimwa,Mazu aunjiho wambuto,Kulongosola za mbewu,
cropprobability--cropprobabilitiesdependonwhentheseasonstartshereyoucanseetheprobabilitiesoftheseasonstartingatdifferentdates,crop-probability,,"Crop probabilities depend on when the season starts.
Here you can see the probabilities of the season starting at different dates",,,,,true,,,,,,,,
cropprobability--cropwaterrequirement,crop-probability,,Crop Water Requirement,Kuchuluka kwa madzi amene mbewu imafuna,,,M'yeso wofunikira wa madzi ku mbeu iyi,,,,,,,,Wunandi wamaji ghakwenerera pa mbewu,
cropprobability--cropwaterrequirementmm,crop-probability,,Crop water requirement (mm),Kuchuluka kwa madzi amene mbewu imafuna,,,M'yeso wofunikira wa madzi ku mbeu iyi,true,Amenshi ayafwaikwa ku filimwa,Meenda ayandika kucisyango (mm),Mezi a tokwahala kwa lipeu,menzhi akengékangá kumbutu (mm),meema akebewa pakukomesha kijimwa mu mm nobe kipimo,Meya azanga vimbuto ( muma mm),Wunandi wamaji ghakwenerera pa mbewu (mm),
cropprobability--daystomaturity,crop-probability,,Days to maturity,Masiku omwe zimatenga kuti ziche,,,Masiku kuti iche,,Inshiku ukufika ku kukula,Mazuba aakubizwa,Mazazi a kutulo,mafuku akukula,moba akupilamo kijimwa,Makumbi akutwala kukuhya,Mazuba pambere mbewu yindafike pakucha,
cropprobability--district,crop-probability,,District,Boma,,,Boma,true,Umusumba,Cilikiti,Likiliti,mbongí,nkambi,Mbongi,Boma,
cropprobability--eachrowcontainsinformationaboutcropvarietydaystomaturityandwaterrequirementprobabilitiesofreceivingrequirementsareshownfordifferentplantingdates,crop-probability,,"Each row contains information about crop, variety, days to maturity and water requirement. Probabilities of receiving requirements are shown for different planting dates",,,,,true,,,,,,,,
cropprobability--herewecanseeinformationforaspecificcropvariety,crop-probability,,Here we can see information for a specific crop variety,,,,,true,,,,,,,,
cropprobability--inthecropinformationtableyouwillbeabletoseetheprobabilitiesfordifferentcropsthroughthedifferentseasons,crop-probability,,"In the crop information table, you will be able to see the probabilities for different crops through the different seasons.",,,,,true,,,,,,,,
cropprobability--longitude3426latitude1291altitude500,crop-probability,,"Longitude:34.26, Latitude: -12.91 Altitude: 500.","Longitude:34.26, Latitude: -12.91 Altitude: 500.",,,"Kutalika :34.26, Kutambasuka:12.91, Mtunda wa M'mwamba : 500",true,,,,,,,,
cropprobability--nowyouarereadytoexplorethecropinformationtool,crop-probability,,Now you are ready to explore the crop information tool,,,,,true,,,,,,,,
cropprobability--probabilityofseasonstartonorbeforedate,crop-probability,,Probability of season start on or before date,Kuthekera kwakuti nyengo ya mvula iyamba pa tsiku linalake kapena tiskuli lisanakwane,,,Mwayi wa kuthekerakwa kuyamba kwa nyengo pa tsiku linalake kapena musanatike.,,Ukulingana kwa nshita ukutendeka pa bushiku nangu ilyo ubushiku bushilafika,Ciindi cakulima catalika antela buzuba kabutana sika,Zakueza za kona ku kala kapili kapa fa zazi,kutela chakutachika kwachilaaka hefuuku datela hela henohu kanda ifuku odu dishiki,kwesekanya ne kuketekela kimye mvula kyo akatendeka kunoka nangwa kukaleka,Nambala yangonde inaputuka lyehi chipwe shimbu kanda likumbi lihete,Mwabi wakuti nyengo yingayamba pazuba lakuti panji pambere zuba lindafike,
cropprobability--station,crop-probability,,Station,sitesheni,,,malo,true,Citeshoni,Abusena,sibaka,ilungá,kiteshenyi,Chitishinyi,Siteshoni,
cropprobability--thecropfiltershowsmoreinformationforspecificcrops,crop-probability,,The crop filter shows more information for specific crops,,,,,true,,,,,,,,
cropprobability--thematurityandwaterrequirementscanbeusedtocalculatethechanceofsatisfyingtheseconditionsforaspecificplantingdate,crop-probability,,The maturity and water requirements can be used to calculate the chance of satisfying these conditions for a specific planting date,,,,,true,,,,,,,,
cropprobability--thisisthenumberofdaystomaturityforthevariety,crop-probability,,This is the number of days to maturity for the variety,,,,,true,,,,,,,,
cropprobability--thisiswaterrequirementforthevariety,crop-probability,,This is water requirement for the variety,,,,,true,,,,,,,,
cropprobability--variety,crop-probability,,Variety,Mtundu wa mbewu,,,Mtundu wa mbeu,,Imisango yalekana lekana,Musyobo,Mifuta ya lipeu,muchidi wambutu,mutundu wa nkunwa,Miyachi ya vyuma,Mutundu wa mbewu,
extension--appterms,extension,,App Terms,Kagwiritsidwe ntchito ka application,,,,,,,,,,,,
extension--clickonthebuttonbelowtoretry,extension,,Click on the button below to retry,dinani pa batani pansipa kuti muyesenso,Bofya kwenye kifungo chini ili ujaribu tena,"Тугмаи поёнро зер кунед, то дубора такрор кунед",dinizani pa batani pansipa kuti muyesenso,true,Tinikeni pali batani ili pesamba pakuti mweshe nakabili,Amutyanke muselele kutegwa musole alimwi,musine fa batani fafasi kulika hape,chintenu heshinohu kulonda mutachikishi chengí,chinyikai pakake kajibatani pakubamba mukonshe kutwajijila,Nyachika ha mbutau ili mwishi managana wingise cheka,Dininizgani batani pasi apo kuti muyezgeso,
extension--digitalskills,extension,,Digital Skills,Luso la makono,,,,,,,,,,,,
extension--downloads,extension,,Downloads,Kutsitsa uthenga pa internet,,,,,,,,,,,,
extension--forecasts,extension,,Forecasts,Maulosi,,,Zolosera/zanyengo,,Ukusobela,Izyakulanganya,mufukelo wa moya,nsangú yayimwenu yanomu muyikwikalila yuma,masabwakya pa nokelo ya mvula ne mwela,Kweseka chajingonde,Kuloska,
extension--privacypolicy,extension,,Privacy Policy,Mfundo zazinsinsi,,,Mfundo zazinsinsi,,,,,,,,,
extension--reload,extension,,Reload,bwezeraninso,Pakia tena,Баргиред,bwezeraninso,true,Ukubwekeshapo,Amubikke mucite alimwi,ku kutisa,kufintishahu,kubikamo bintu bikebewa,Longejeka kamuchivali,"Welezganiso ",
extension--somethingwentwrong,extension,,Something went wrong...,chinachake chinalakwika ...,Kitu kilichokosa ...,Чизе хато кард ...,chinachake chinalakwika ...,true,Pali fimo ifyalubene,Kulicalubila cimwi,lika zi zamaile bumaswe ...,kudi chinabuli kwikala chiwahi,paji byabula kwenda bulungo ne,Chimwa chimwe chalimbenjanga,Chinyake chindayende makola,
extension--switchtoextension,extension,,Switch to Extension,Sinthani kupita kwa Mlangizi,,,Sinthani ku Extension,,Alukileni kubabomfi,Amucince mulanganye jiisyo yabanasibulimi,Ku cinca kwa zefitelela,kuhimpa ku extension,sonteka ku lufunjisho lwa banjimi,Linunge kuze vananungila,Sinthani kuluta kwa mulangizi,
extension--switchtofarmer,extension,,Switch to Farmer,Sinthani kupita kwa Mlimi,,,Sinthani ku Mlimi,,Alukileni ku mulimi,Amubone mulimi,ku cinca ku mulimi,kuhimpa ku ndimi,sonteka ku banjimi,Linunge na njimi,Sithani kuluta kwa mulimi,
extensioncontent--additional,extension-content,,Additional,Zipangizo zoonjezera,,,Zowonjezera,,Ukulundako,Amuyugizye lwiiyo,Kuekeza,kushilaku,kunungapo,Vyakuhakilako,Vyakusazgilapo,
extensioncontent--farmeractivities,extension-content,,Farmer Activities,,,,,true,,,,,,,,
extensioncontent--manual,extension-content,,Manual,Buku,,,Buku,true,,,,,,,,
extensioncontent--monitoring,extension-content,,Monitoring,Kuwunikira,,,Kuyanganira / Kuyendera,true,,,,,,,,
extensioncontent--privacypolicy,extension-content,,Privacy Policy,Mfundo zazinsinsi,,,Mfundo zachinsinsi,true,Ifunde lya nkama,Zyizya kunze zyakutobela,Kalulo yaku pata,nshimbi yatalangá hakudikalila chamuntu,muzhilo wamwine muntu,Jishimbi jakupenge,Fundo zamuchindindi panji zachisisi,
extensioncontent--probability,extension-content,,Probability,kuthekera koti zikhoza kuchitika,Uwezekano,Эҳтимол,mpata wa zoyembekezeleka,true,,,,,,,,
extensioncontent--resources,extension-content,,Resources,zipangizo,Rasilimali,Захираҳо,zipangizo,true,,,,,,,,
extensioncontent--takeapptour,extension-content,,Take App Tour,Zili mu PICSA wa pa foni,,,,true,,,,,,,,
extensioncontent--training,extension-content,,Training,Maphunziro a PICSA,,,Maphunziro,,Ukusambilisha,Jisyo,Kuituta,kudizisa,lufunjisho,Kutanga,Masambiro gha PICSA,
farmeractivity--activity,farmer-activity,,Activity,,,,,true,,,,,,,,
farmeractivity--afterwatchingcontinuetotheactivity,farmer-activity,,After watching continue to the activity,,,,,true,,,,,,,,
farmeractivity--inthisvideoyouwilllearnaboutthepicsastep,farmer-activity,,In this video you will learn about the PICSA step:,,,,,true,,,,,,,,
farmeractivity--intro,farmer-activity,,Intro,,,,,true,,,,,,,,
farmeractivity--tool,farmer-activity,,Tool,,,,,true,,,,,,,,
farmercontent--arethechangesagoodidea,farmer_content,,Are the changes a good idea?,Kodi kusinthaku ndi ganizo labwino?,,,Kodi kusintha ndi lingaliro labwino?,,Bushe ukwaluka li tontonkanyo ilisuma,Syena kucinca muzeezo uuli kabotu,Kana Lichincelo ki zeende?,ichi kuhimpa chidi chiwahi?,nanchi alwe lupimpu kintu kyawama nyi?,Kwalumuna chavyuma vinapu vishinganyeka vyamwaza?,Kasi kusintha nimaghanoghano ghawemi?,
farmercontent--beyondpicsa,farmer_content,,Beyond PICSA,Kupitilira PICSA,,,Kupyola pa PICSA,,Ukucila pali PICSA,Kunze aa PICSA,kufitelela PICSA,kubadika PICSA,pakupwa kwa mutanchi wa picsa,Vinazomboka PISCA,Kupitilila pa PICSA,
farmercontent--historicclimate,farmer_content,,Historic Climate,mbiri ya za nyengo,,,Mbiri ya za Nyengo,,Imiceele iya kale,Kulanganya zyakaindi kweendelana a luuwo mboluunga,lichincelo za myaha ni muiyo za kale,nsangu yakwenda champepela muluzwizwi yamwekeni,"asbwakya wa nokelo ya mvula,kupimpulwa kwa lubesha ne mwela muyoyo mpunzha",Mijimbu yajingonde jamyaka,Mbiri zya nyengo,
farmercontent--ifyourecordedanythingonpaperyoucancapturephotoshere,farmer-content,,If you recorded anything on paper you can capture photos here,"Ngati munalemba chinachilichonse papepala, mutha kujambula zithunzi apapa",,,Ngati munalemba cinacake pa pepela mungajambule zithunzi pa tsambali,,Nga mwalemba ifili fyonse pa pepala kuti mwakopa ifikope apa.,Kuti naa kuli zyimwakalemba mupepa inga mwabweza cifwanikiso mwamana,"nji mungozi lika fa pepa, mwakona kuunga ma pictala fa","neyi wasoneka chidichezima hachipampilu, unatela kusha nyevulu aha",inge mwanembele pakipepala nangwa kukopa bipikikyala mukamulupi,Nge wasonekanga kala vyuma halipepa kopa foto hano,Pala mwangulemba chinyake pa pepala mungajambula sono,
farmercontent--interactivetool,farmer_content,,Interactive Tool,"Chida cholankhulana, kuyankhana komanso kuthandizana",,,Chida Chothandizira,,Icibombelo icakulanshanya,Zyibelesyo zyindeene- indeene,Mukwa waku sebelisa,zhakuzatisha mukuzata hamu,kibamba kya kwisambilamo na bantu bakwabo,Chitwa,Chilwero chakugwiriska ntchito munyakenamunyake,
farmercontent--options,farmer_content,,Options,Zisankho,,,Zosankha,true,Ukusalapo,Izyimwi zyomunga mwacita,Zakuketa,zhakusakula,bintu bikwabo byakusalapo,Chuma chikwavo,Vyakusankha,
farmercontent--participatorybudgets,farmer_content,,Participatory Budgets,"Bajeti yopangira limodzi ",,,ma bajeti okambitsana,,Amabajeti ayasangwako,Kulemba zyintu zyomuyanda kuula,Mashelengi akuitusisa,zhibajeti zhakukwataku mbandi kudiezhima,mwaba wa maali ye mwalenga pamo na bonse bamukisemi kyenu,Vilongeselo vyakuzachishilamo jimbongo vatu vosena,Bajeti yakupangira pamoza,
farmercontent--resourceallocationmap,farmer_content,,Resource Allocation Map,Mapu oonetsa zinthu zomwe mlimi alinazo,,,Chithunzi cha Kugawidwa kwa Zinthu,true,Mapu iya kwakanya ifipe,Map ikwakujana zyintu zyakubelesya mubulimi,Mapa ye bonisa zaku sebelisa,nzhila yanomu mwakupangíla madi,mutanchi wakwabanya bintu bya kwingijisha pa bujimi bwenu,Walo wakupangila mwakuzachila,Mapu ghakuoneska ivyo munthu walinavo,
farmercontent--seasonalforecast,farmer_content,,Seasonal Forecast,ulosi wa nyengo wa pachaka/season,,,Uthenga wa zanyengo,true,,,,,,,Ulozgi wa nyengo wa pachaka/season,
farmercontent--shorttermforecast,farmer_content,,Short Term Forecast,Ulosi wa nyengo wa nthawi yochepa,,,,true,,,,,,,ulozgi wa nyengo wa kanyengo kachoko,
farmercontent--testimonials,farmer_content,,Testimonials,Kuperekera Umboni,,,Umboni,,ubunte ubupya,Kwaamba zyakamucitikila,Bupaki,kushimuna wusahu wamuzhimbu wawuwahi,mawi alutundaiko kufuma ku banjimi bekwenu,Unjiho wakulisala,Kuperekera ukaboni,
farmercontent--tutorials,farmer_content,,Tutorials,Zitsanzo,,,Maphunziro,,Amasambililo,Kwiiya kuba ajiisyo,Lituto,zhakuzatisha kutangísha,mafunjisho anembwa na bashayuka,Kulumbununa vyuma vyakutanga,Visambizgo vyapadera,
farmercontent--usetheforecaststoupdateandadaptyourplans,farmer_content,,Use the forecasts to update and adapt your plans,"Konzaninso ma Plan anu pogwiritsa ntchito Ulosi ",,,Gwiritsani nchito chisonyezo cha mvula kuti musinthe ndikukonzekera,,Bomfyeni ifyakusobela pakubwekeshapo no kwalula amapange yenu,Amubelesye kulanganya zyizya kumbele akupanga mapange,Kuitusisa mufukelo wa moya kubeha niku ziba za misebezi wamina,"kuzatisha yimwenu yanozhinateli kuwekana, kuwahisha nikwala chiwahi yitongózhoka yanoyu yuma munakukengá kwila",kwingijisha masabwakya ne kumona mashinda akwingijisha mu bunjimi,"Zachisa kuhunanana chajingonde,lyeulule na kuzata mwaya kujina chove",Gwiriskani ntchito kuloska ukomwapokera kuti mughawoneso nakusintha ma pulani ghinu,
farmercontent--usingtheapp,farmer_content,,Using the App,Kagwiritsidwe ntchito ka app,,,Pogwiritsa ntchito Pulogilamu (App),,Ukubomfya app,Kwiinda mukubelesya App,kuitusisa luwaile,kuzatisha zhawanikangá ha shingá,kwingijisha app,Kuzachisa chinyingi chamakumbi ano,Kugwirska ntchio app,
farmercontent--usingthetool,farmer_content,,Using The Tool,Kagwiritsidwe ntchito ka chida,,,Pogwiritsa ntchito Chipangizo,,Ukubomya icibombelo,Kubelesya zyibelesyo,kuitusisa mukwa,kuzatisha makina,kwingijisha byela nangwa bintu bikwabo,Kuzachisa chitwa,Kugwiriska ntchito chilwero,
farmercontent--whataretheopportunitiesandrisk,farmer_content,,What are the opportunities and risk?,Kodi pali mwayi ndi ziopsezo zotani?,,,Kodi mwayi ndi zoopsa ndi chiyani?,,Bushe mashuko nshi na mafya?,Ino zyinzi zyilibonya kumbele kuti inga mwazyindilila nokuba kuti kuli buyumu yumu,King'I zakufumana ni matata?,kuwaha nikutamanyi chidimu?,nanchi nanyi mashuko ne makatazho ajimo?,Inyi nganyo,Pali mwabi na chofyo mbuni?,
farmercontent--whatchangescanyoumake,farmer_content,,What changes can you make?,Kodi mukhoza kupanga kusintha kwanji?,,,Kodi mungasinthe chiyani?,,Bushe nifinshi fingapilibulwa?,Ino zyinzi zyomunga mwacinca?,King'I zemukona ku cinca?,munateli kuhimpa di?,nanyi bintu byomukeba kukingya?,Inyi Vyuma muka nauhasa kwalumuna,Ntchivichi icho mungasintha,
farmercontent--whatdoyoucurrentlydo,farmer_content,,What do you currently do?,Kodi pakadali pano mumatani?,,,Mukuchita chiyani palipano?,,Bushe finshi ucita pali ino nshita?,Ino cinzi comucita kwaino?,King'I zemueza?,munakwiladi chayinu mpiji?,nanchi mubena kuba nanyi bintu pakino kimye?,Inyi milimo muka wakuzata?,Kasi mukuchita vichi pasono,
farmercontent--whatishappeningtotheclimateinyourarea,farmer_content,,What is happening to the climate in your area?,Kodi nchiyani chikuchitika ku nyengo ya mdera lanu,,,Kodi chikuchitika ni chiyani ku nyengo mu dela lanu?,,Bushe finshi filecitika ku miceele mu ncende yenu?,Ino cinzi cicitika kubusena nkomukkala kweendelana aluuwo mboluunga?,King'I zezahala kwa lichinceho za myaha ni muoya mwa sibaka sa mina?,yumanyi yinakumwekana mumpepela mwilungá denu?,nanchi bintuka abyo bibena kumweka muyoyo mpunzha pa kupimpulwa kwa lubesha?,Vyuma muka vili nakusoloka ku ngonde mungalila yove?,Chikuchitika ntchivichi kwakuyana na nyengo muchigawa chinu,
farmercontent--whatispicsa,farmer_content,,What is PICSA?,Kodi PICSA ndi chiyani?,,,Kodi PICSA ndi chiyani?,,Bushe PICSA cinshi ?,Ino PICSA ncinzi?,PICSA king'I?,PICSA chumanyi?,nanchi picsa yemuka?,Inyi PISCA chuma muka?,Kasi PICSA ntchivichi?,
farmercontent--youdecideandmakeaplan,farmer_content,,You decide and make a plan,Mumapanga chiganizo ndikupanga plan,,,Mumasankha ndikupanga dongosolo,,Mwapingula no kupanga ubupekanyo,Muleelende kusala akuzyiba ncomunga mwacita,mwa keta niku panga zakueza,tondenu nakwala yuma mukukengá kwila,mwafukula ne kulenga mutanchi,Sakula uwane jila yakuzachilamo,Mukughanaghana nakudumula icho mungachita nakupanga pulani,
forecasts--daily,forecasts,,Daily,Patsiku,,,Tsiku ndi tsiku,true,Lyonse,Ingombe zyamukupa,zazi ni zazi,hefuku hefuku,kila juba,Hakumbi hakumbi,Zuba lililose,
forecasts--national,forecasts,,National,za dziko lonse,,,Dziko lonse,,Icaalo,Kulanganya cisi komuzyulilwa,li fasi,zhamwitungá,kyal kyonse,Vyalifuchi,Vyakukhwaskana na chalo,
forecasts--noseasonalforecastsfound,forecasts,,No seasonal forecasts found,,,,,,,,,,,,,
forecasts--noshorttermforecastsfound,forecasts,,No short term forecasts found,,,,,,,,,,,,,
forecasts--pleaseselectalocationtoviewforecasts,forecasts,,Please select a location to view forecasts,,,,,,,,,,,,,
forecasts--resources,forecasts,,Resources,zipangizo,,,zipangizo,,Ifintu mwingabomfya,Izyintu zyakubelesya,litusiso,yuma mwawanangá,mwaba wa maali ne bintu byakwingijisha mu bunjimi,Luheto,Vyakugwiriskila ncthito,
forecasts--seasonal,forecasts,,Seasonal,Panyengo,,,Mwa apo ndi apo,,Inshita,Imyaaka yabulimi,myaha,zhamuchilaaka,kimye kyakujima,Chahangonde,Vyakuchitika mu nyengo,
forecasts--shortterm,forecasts,,Short Term,Nthawi yochepa,,,,,,,,,,,,
manual--a,manual,,A,A,A,A,A,,A,A,A,A,A,A,A,
manual--activityflowchart,manual,,Activity Flow Chart,Ndondomeko ya ntchito,,,Chithunzi cha Nchito,,Chati ya mibombele,Icifwanikisi citondezya milimo yakukutauka,Pampili ya misebezi,chipapilu chayuma munakwila,mingilo ya kwingilaiji pa mutanchi wanembwa pakipepala,Lipepa lya vilongeselo vya vikilikita,Ndondomeko yaumo ntchito yikuyendera,
manual--aftertheseason,manual,,After the season,Pakutha pa nyengo,,,Pambuyo pakutha kwa Nyengo,,Panuma ya nshita,Wamana mwaaka wabulimi,myaha wa njimo hase ufelile,hanyima yachilaaka,pakupwa kwamvula ne bunjimi bwayeo mwaka,Kukuma changonde,Paumaliro wa nyengo,
manual--b,manual,,B,B,B,B,B,,B,B,B,B,B,B,B,
manual--budget,manual,,Budget,Ndondomeko ya ndalama,,,Bajeti,,Ubutantiko bwa ndalama,Ibulembo butondezya zyintu zyiyandika kuula,Buitukiso bwa mashelengi,Bajeti,mwaba wa maali,Vilongeselo vyakuzachishilamo jimbongo,Bajeti,
manual--c,manual,,C,C,C,C,C,,C,C,C,C,C,C,C,
manual--comparedifferentoptionsandplans,manual,,Compare different options and plans,Siyanitsani zisankho ndi ma pulani osiyanasiyana,,,Linganizani Zosankha ndi mapulani,,Palanyeni ifyakusalapo ifyapusana na mapange,Amukozyanye akwiindaanya izyapegwa alimwi akupanga makanze,Amu likanyiseze za kuketa ni ze lukisizwe,esekejenu yisakula niyitongózhoka yakudambula,esakanyai na bintu bikwabo,Eseka,yaniskani nakupambaniska ivyo mwasankha na mapulani,
manual--comparingdifferentoptionsandplanningusingparticipatorybudgets,manual,,Comparing different options and planning using Participatory Budgets,Kusiyanitsa zisankho zosiyanasiyana ndikupanga plan kugwiritsa ntchito ma Bajeti opangira pamodzi,,,Kuyerekeza zosankha zosiyanasiyana ndikupanga dongosolo pogwiritsa ntchito Bajeti Yachigawo.,,Ukulinganisha ifyakusalapo ifyapusana no kupanga indalama shakusangwilapo,"Amukozyanye, akwiindaanya zyapengwa alimwi akupanga makanze kwiinda mukubelesya zyomwakalemba zyiyandika kuula",Amu likanyiseze za kuketa ni ze lukisizwe ka kuitusisa buitukiso bwa mashelengi,esekejenu yisakula niyitongózhoka yakudambula kuzatisha zhibajeti zhakutungá hamu,"kwesekanya mwaba wa maali,milangwe ne mashinda akulondela mu mingilo ya bunjimi",Kweseka na jijila jikwavo mwakuzachishila vilongeselo vya jimbongo muchivulu,Kuyaniska nakupambaniska ivyo mwasankha vyakupambanapambana na mapulani pakugwiriska ntchito bajeti iyo mwapanga mwakukoleranako,
manual--cropinfo,manual,,Crop Info,Zokhudza mbeu,,,Zambiri za Mbeu,,Amashiwi ya filimwa,Milumbe iijatikizya zyisyango,Mangusa a li peu,nsangú yambutu,sabwakya wabijimwa,Unjiho wa mazu a vimbuto,Vyakukhwaskana na mbewu,
manual--d,manual,,D,D,D,D,D,,D,D,D,D,D,D,D,
manual--downloadthepicsamanual,manual,,Download the PICSA Manual,Tengani Bukhu la PICSA kuchokera pa intaneti,,,Chitani Daunilodi Buku la PICSA,,Kopololeni icitabo ca PICSA,Amubweze kuzya aaluwaile antela computer imilumbe yabbuku ya PICSA,muunge buka ya PICSA fa luwaile,shenu mukanda wa PICSA mushingá yenu,ikizhai buuku wa mutanchi wa picsa,Sokolola mukanda wa PISCA,Sangani na kutola buku lakulongosola vya PICSA pa intaneti,
manual--duringtheseason,manual,,During the season,Mkatikati mwa sizoni/nyengo,,,Mkati mwa Nyengo,,Mu nshita ya mwaka,Kuciindi cakulimi,Mwahali a silimo,muchilaaka,kimye mkya kujima muye mwaka,Halwola lwa ngonde,Mukatikati mwa nyengo,
manual--e,manual,,E,E,E,E,E,,E,E,E,E,E,E,E,
manual--extension,manual,,Extension,Ulangizi,,,Nyantchito wa zaulimi,,Ukukusha,Milimo iikutaukwa abanasibulimi,Kuekeza,mutayi,kufunjisha banjimi,Chuma vanasuhwisa,Ulangizi,
manual--f,manual,,F,F,F,F,F,,F,F,F,F,F,F,F,
manual--farmer,manual,,Farmer,Mlimi,,,Mlimi,,Umulimi,Mulimi,Mulimi,ndimi,njimi,Njimi,Mulimi,
manual--farmerschoose,manual,,Farmers choose,Alimi amasankha,,,Alimi asankha,,Abalimi basalapo,Mulimi ulasala,Balimi ba kata,andimi asakulangá,njimi kusala,Vanjimi vasakula,Walimi wasankhe,
manual--g,manual,,G,G,G,G,G,,G,G,G,G,G,G,G,
manual--h,manual,,H,H,H,H,H,,H,H,H,H,H,H,H,
manual--historicclimate,manual,,Historic climate,mbiri ya za nyengo,,,Mbiri ya za Nyengo,,Imiceele ya kale,Mbuli luuwo mbolwakaunga myaaka yakainda,lichincelo za myaha ni muiyo za kale,nsangú yakwenda champepela muluzwizwi yamwekeni,"sabwakya panokelo ya mvula,mwela ne lupimpu lwa lubesha",Mijimbu yajingonde jamyaka,Mbiri ya vya nyengo,
manual--i,manual,,I,I,I,I,I,,I,I,I,I,I,I,I,
manual--introduction,manual,,Introduction,Chiyambi,,,Chiyambi,,Intanshi,Matalikilo,ma kalelo,kuvumbula,kulumbulula,Kujimbula,"Kumanyiska ",
manual--istheclimatechanging,manual,,Is the climate changing?,Kodi nyengo ikusintha?,,,Kodi nyengo ikusintha?,,Bushe imiceele ileyaluka?,Syena kuunga kwamuuwo kulalangilwa kucinca,Kana lichincelo za myaha ni muoya za cinca?,mpepela yinakuhimpa,nanchi lubesha ubena kukingya nyi?,Ngonde ili nakwalumuka tahi?,Kasi nyengo yikusintha?,
manual--j,manual,,J,J,J,J,J,,J,J,J,J,J,J,J,
manual--justbeforetheseason,manual,,Just before the season,Sizoni/nyengo isanayambe,,,Nyengo ya Mvula yakhala pang'ono kuyamba,,Ilyo nshita talafika,Mwaaka wabulimi kautanatalika,nako ausika kala kale silimo,henohu chilaaka kanda chitachiki,mvula saka akyangye kutendeka kunoka ne,Chindende kaha shimbu kanda ngonde ihete,Pambere nyengo panji sizoni yindayambe,
manual--k,manual,,K,K,K,K,K,,K,K,K,K,K,K,K,
manual--l,manual,,L,L,L,L,L,,L,L,L,L,L,L,L,
manual--language,manual,,Language,Chilankhulo,,,,,,,,,,,,
manual--learnandimprove,manual,,Learn and improve,Kuphunzira ndi kukonza,,,Phunzilani ndi kusintha,,Sambilileni no kulundulula,Amwiiye akusumpuka,kuituta niku cinca,dizenu kulonda muwahisha yitongózhoka yenu,kufunda ne kumwenamo,Linangule nakuzovoloka,Sambirani nakusinthika,
manual--livelihoodinfo,manual,,Livelihood Info,Zokhudza njira zopezera ndalama,,,Zambiri za makhalidwe,,Amashiwi ya mikalile,Imilumbe kujatikizya bukkale,Mangusa a buino,nsangú yachihandilu,sabwakya wa mingilo ya bukomo,Mijimbu yachiyoyelo,Vyakukhwaskana na nthowa zakusangira ndalama panji kuti bizinesi,
manual--livestockinfo,manual,,Livestock Info,Mauthenga a ziweto,,,Zambiri za ziweto,,Amashiwi nama,Imilumbe kujatikizya zyivwubwa,Lingusa za limunanu,nsangú yayimuna,sabwakya wa bujimi bwa bilelwa,Mijimbu ya vimuna,Vyakukhwaskana na viweto,
manual--longbeforetheseason,manual,,Long before the season,Kutali ndi kuyamba kwa nyengo,,,M'malanga,,Kale ilyo nshita tailafika,Mwaaka wabulimi kautana talika,za kale usika kala kale silimo sa njimo,henohu kanda chilaaka chitachiki,moba atanshi mvula saka akyangye kutendeka kunoka ne,Hashimbwile shimbu kanda ngonde,Pambere nyengo yindayambe,
manual--optionsbycontext,manual,,Options by context,Zisankho potengera nkhani,,,Zosankha Munjirayake,,Ukusalapo ukulingana nefyo balelanda,Izyakusala kwiinda mukulanganya milumbe iiliko,"Za kuketa kuya ka muinelo wa mulimi, balimi ba keta fa lika zakueza",kusakula kweseka nayimwenu yenu,bintu bikwabo byakusalapo,Kujina ckeka,Kusankha na umo mukuvionera,
manual--picsa,manual,,PICSA,PICSA,,,PICSA,true,PICSA,PICSA,PICSA,PICSA,mutanchi wa picsa,PICSA,PICSA,
manual--probabilityandrisk,manual,,Probability and Risk,Kuthekera and Ziopsezo,,,Mpata komanso ziophyezo,true,Ukulingana na mafya,Izyiyeeyelwa kucitika alimwi abubi bunga bwacitika,za ku fumana ni matata,kutela chakumwekana chayuma nikutama chidimu,kweskanya ne kuyuka byaketekelwa kukamweka,Nambala ya nganyo,Mwabi na chofyo,
manual--resourceallocationmapram,manual,,Resource Allocation Map (RAM),Mapu ogawa zinthu zimene tikuyenera kugwiritsa ntchito,,,Chitunzi cha Zomwe tilinazo,,Mapu yakwakanya mpanga,Izyakubelesya kozyinga zyajanika kwiinda mukubelesya Map (RAM),mapa ye bonisa muezezo wa zakufumuna,mukanda wanzhila yamwakungíla madi enu,mwaba wa bintu ne maali akwingijisha pa bujimi bwenu wanembwa,Kupangila luheto kwosena (KLK),Magawiro gha virwero ivyo mukuyenera kgwiriska ntchito,
manual--responsetoforecast,manual,,Response to forecast,Yankho ku ulosi wa nyengo,,,Zomwe tichita ndi uthenga wa zanyengo,,Ukwasuka ku kusobela,Kwiingula kwiinda mukulanganya zyizya kumbele,kualaba za mufukelo wa moya,kwakula yimwenu yakwenda chapempela,mukumbu wakulupimpu lwa lubesha,Kutala ku kuheza heza cha ngonde,Umo mungachitira kwakuyana na kuloska kwa nyengo uko mwapokera,
manual--review,manual,,Review,Kuunikira,,,Ndemanga,,Ukupitulukamo,Kulanganya alimwi,ku bona hape,kuhitulukamu,kupitulukamo jikwabo muyeo mwingilo,Kuhunanana,Kuoneseskaso,
manual--revisit,manual,,Revisit,Kubwereza,,,Yenderansoni,,Ukubwekeshapo,Kujokelela kulangalanga alimwi,ku kutela,kwendela,kubwezhapo mwingilo,Kukindulukiko,kuonaso panji kupangaso kwakupambana na pakudankha,
manual--seasonalcalendar,manual,,Seasonal Calendar,Kalendala ya nyengo,,,Kalenda ya Nyengo,true,Kalenda wa nshita,Kalenda yamwaaka wabulimi,,kalenda yayilaaka,sabwakya bintu byaketekelwa kumweka muyeo mwaka,Makumbi ahangonde,Kalendala ya vyakukhwaskana na nyengo,
manual--seasonalforecast,manual,,Seasonal forecast,ulosi wa nyengo,,,Uthenga wa zanyengo,,Ukusobela kwa nshita,Kulanganya kwamwaaka wabulimi,mufukelo ya moya wa nako,yimwenu yangéndelu yampepela muchilaaka,sabwakya wanokeloo ya mvula ne lubesha,Kuhunanana hangonde,Kuloska kwakukhawaskana na za nyengo,
manual--selectandamend,manual,,Select and amend,sankhani ndipo sinthani,,,Sankhani ndi Kusintha,,Saleni no kwalula,Amusale alimwi akucinca,kuketa ni ku cinca,kusakula ndichi nikuwahisha,salai ne kunembulula jikwabo,Sakula na kwalumuna,Sankhani ndiposo munozge mwakwenerera,
manual--shorttermforecastsandwarnings,manual,,Short-term forecasts and warnings,Ulosi wakanthawi kochepa wa zanyengo ndi ma chenjezo,,,Uthenga wa zanyengo wa nthawi yochepa,,Ukusobela kwa nshita iinono no kucenjesha,Kulanganya kwaciindi cisyoonto alimwi akucenjezyegwa,mufukelo wa moya ya nako ye kuswani ni li mamela,nsangú yangéndelu yampepela nikusongámisha chamukamwihi,"sakwakya wanokelo ya mvula ne lujimuno kune keengi pa ,mvula mukatampe,muyulo nangwa kyaashi mukatampe",Kuhunanana changonde muwihi na kufuza,"Kuloska kwakukhawaskana na za nyengo kwakanyeko kachko kweniso kuchenjezga ",
manual--stepa,manual,,Step A,Gawo A,,,Gawo A,,Ulutampulo A,Intaamu A,Muhato A,nzhila yatachi (A),lutampulo A,Tambo A,Sitepu A,
manual--stepb,manual,,Step B,Gawo B,,,Gawo B,,Ulutampulo B,Intaamu B,Muhato B,nzhila ya B,lutampulo B,Tambo B,Sitepu B,
manual--stepc,manual,,Step C,Gawo C,,,Gawo C,,Ulutampulo C,Intaamu C,Muhato C,nzhila ya c,lutampulo C,Tambo C,Sitepu C,
manual--stepd,manual,,Step D,Gawo D,,,Gawo D,,Ulutampulo D,Intaamu D,Muhato D,nzhila ya D,lutampulo D,Tambo D,Sitepu D,
manual--stepe,manual,,Step E,Gawo E,,,Gawo E,,Ulutampulo E,Intaamu E,Muhato E,nzhila ya E,lutampulo E,Tambo E,Sitepu E,
manual--stepf,manual,,Step F,Gawo F,,,Gawo F,,Ulutampulo F,Intaamu F,Muhato F,nzhila ya F,lutampulo F,Tambo F,Sitepu F,
manual--stepg,manual,,Step G,Gawo G,,,Gawo G,,Ulutampulo G,Intaamu G,Muhato G,nzhila G,lutampulo G,Tambo G,Sitepu G,
manual--steph,manual,,Step H,Gawo H,,,Gawo H,,Ulutampulo H,Intaamu H,Muhato H,nzhila H,lutampulo H,Tambo H,Sitepu H,
manual--stepi,manual,,Step I,Gawo I,,,Gawo I,,Ulutampulo I,Intaamu I,Muhato I,nzhila I,lutampulo I,TamboI,Sitepu I,
manual--stepj,manual,,Step J,Gawo J,,,Gawo J,,Ulutampulo J,Intaamu J,Muhato J,nzhila J,lutampulo J,Tambo J,Sitepu J,
manual--stepk,manual,,Step K,Gawo K,,,Gawo K,,Ulutampulo K,Intaamu K,Muhato K,nzhila K,lutampulo K,Tambo K,Sitepu K,
manual--stepl,manual,,Step L,Gawo L,,,Gawo L,,Ulutampulo L,Intaamu L,Muhato L,nzhila L,lutampulo L,Tambo L,Sitepu L,
manual--thefarmerdecides,manual,,The farmer decides,Mulimi amapanga chiganizo,,,Mlimi asankha zochita,,,Imulimi uleelende kusala,Mulimi wa keta,ndimi wasakulangá zhakwila,njimi aye mwine yeufukula byakuba,Njimi mwasakula omwo nazange,Mulimi wakufika paudumuliro,
manual--whataretheopportunitiesandrisks,manual,,What are the opportunities and risks?,Kodi pali mwayi ndi ziopsezo zotani?,,,Kodi mwayi ndi zoopsa ndi chiyani?,,,Ino mbubotu nzi alimwi ampenzi linga lyacitika?,Kingi ze fumanwa ni matata?,kuwaha nikutamanyi chidimu?,nanchi nanyi byawama ne byatamamo muyeuno mukwekele?,Inyi nganyo na kuvindama muka chiliho,Kasi pali mwabi na chofyo chakuwa uli?,
manual--whataretheoptionsforthefarmer,manual,,What are the options for the farmer?,Zisankho zomwe mulimi alinazo ndi ziti?,,,Kodi nizosankha zotani za m'limi?,,Bushe finshi fintu umulimi engasalapo,Ino mulimi weelende kusala nzi?,Kingi za ku keta ze liteni za mulimi?,yisakulanyi yidihu yawandimi?,bintuka njimi byoafwainwa kusalapo ayemwine?,Inyi jijila jikwavo ja njimi jilihi?,Kasi mulimi wanavisankho uli?,
manual--whataretheprobabilitiesandrisks,manual,,What are the probabilities and risks?,Kodi kuthera koti zikhoza kuchitika komanso ziopzezo zake ndi ziti?,,,Kodi pali m'pata wotani komanso ziophyezo?,,Bushe finshi fingacitika na mafya,Ino ncinzi cilangika kucitika alimwi ampenzi linga lyaba?,king'I zefumanwa ni matata?,kutela chakumwekana chayuma nikutama chidimu,bintuka abyo byaketekelwa kukamwekana ne makatazho ajimo ?,Inyi jnambala muka janganyo nganyo nakuvindama?,Kasi pali myabi na vyofyo vyakuwa uli?,
manual--whatdoesthefarmercurrentlydo,manual,,What does the farmer currently do?,Kodi muliliyu amapanga chiyani pakadali pano?,,,Kodi m'limi achita zotani palipano?,,Bushe finshi umulimi acita pali ini nshita?,Ino ncinzi ncobacita balimi kwa ciindi cino?,Kana mulimi ueza ngi fa nako ye?,ndimi nakwiladi chayinu mpiji?,nanchi njimi ubena kubaka pakino kimye?,Inyi njimi lwola luno anakuzata milimo muka?,Kasi mulimi wakuchitachi panyengo yasono?,
monitoring--accesscode,monitoring,,Access Code,Nambala kapena zilembo zachinsisi zolowera,,,,true,,,,,,,Nambara yakunjilira,
monitoring--allsubmitted,monitoring,,All Submitted,Zonse Zotumizidwa,,,Zonse Zaperekedwa,true,Fyonse fyatumwa,Kutola zyoonse,Ze fitisizwe kaufela,zhezhima zhinatwalewi,byonse inge mwapana,Vosena vahananga lyehi,Vyose vyatumizgika,
monitoring--anerroroccurred,monitoring,,An error occurred,Pachitika vuto,,,,true,,,,,,,pali suzgo,
monitoring--authenticating,monitoring,,Authenticating...,kutsikimiza,,,,true,,,,,,,kusimikizga,
monitoring--clickthecreatenewbuttontoaddasubmission,monitoring,,Click the Create New button to add a submission,"dinani batani la ""create new"" kuti muonjezere",,,,true,,,,,,,"dinani batani la ""create New"" kuti musazgirepo",
monitoring--createnew,monitoring,,Create New,Pangani yatsopano,,,Pangani Chatsopano,true,Ukupanga icipya,Kupanga zyipya,Ku panga ze nca,tungáku chachiha,lengai bintu bikwabo bipya,Tenga chachihya,Pangani chiphya,
monitoring--enteraccesscode,monitoring,,Enter access code,lowetsani nambala/zilembo zachinsinsi zolowera,,,,true,,,,,,,Wikani nambala yakunjilira,
monitoring--errorloadingform,monitoring,,Error loading form,pali vuto kutsegura fomu,,,,true,,,,,,,pali suzgo kujura fomu,
monitoring--formdeleted,monitoring,,Form deleted,fomu yachotsedwa,,,,true,,,,,,,fomu yafumyikapo,
monitoring--formnotfound,monitoring,,Form not found,fomu siyikupezeka,,,,true,,,,,,,fomu yindasangike,
monitoring--forms,monitoring,,Forms,mafomu,,,mafomu,true,Amafomu,Imapepa,Li pampili,nyikanda,bipepala pakunemba,Mapepa akulisonekesa,Mafomu,
monitoring--formsavedsuccessfully,monitoring,,Form saved successfully,fomu yatheka kusungidwa,,,,true,,,,,,,fomu yasungika makola,
monitoring--formsubmittedsuccessfully,monitoring,,Form submitted successfully,fomu yatumizidwa,,,,true,,,,,,,fomu yatumizgika,
monitoring--incorrectaccesscodepleasetryagain,monitoring,,Incorrect access code. Please try again.,Zirembo/Nambala yolowera yachinsinsi ndiyolakwika. Yesaniso,,,,true,,,,,,,Nambara yakunjilira yanangiskika. Yezganiso,
monitoring--loadingform,monitoring,,Loading form...,kutsegura fomu,,,,true,,,,,,,kujura fomu,
monitoring--loadingsubmissions,monitoring,,Loading submissions...,kutumiza fomu,,,,true,,,,,,,kutumizga fomu,
monitoring--nosubmissionsfound,monitoring,,No submissions found,Palibe chatumizidwa,,,,true,,,,,,,palije chatumizgika,
monitoring--records,monitoring,,Records,Ma record,,,Zolemba,true,Ifyakusunga,Milumbe yazyomulemba,zaku ngo'la,nsangú zhasonekewa,masabwakya anembwa,Unhiho wakusoneka,Vyakulemba,
monitoring--restrictedform,monitoring,,Restricted Form,fomu yoletsedwa,,,,true,,,,,,,fomu yokanizgika,
monitoring--status,monitoring,,Status,Udindo,,,,true,,,,,,,Udindo,
monitoring--submissionnotfound,monitoring,,Submission not found,zotumiza sizikupezeka,,,,true,,,,,,,vyakutumizga vindasangike,
monitoring--submissions,monitoring,,Submissions,Zotumizidwa,,,Zopereka,true,Ifya kutuma,Kutola zyiyandikka kuunka,ze fitisizwe,zhinatwaliwu,bintu byanemwa byomwapana,Kuhana,Vyakutumizgika,
monitoring--submit,monitoring,,Submit,Tumizani,,,Perekani,true,Ukutuma,Kutola milumbe,ku fitisa,kutwala,kupana bintu,Hana,Tumisgani panji perekani,
monitoring--thisformrequiresanaccesscodetounlock,monitoring,,This form requires an access code to unlock,lowetsani nambala yolowera kuti mutsehure fomuyi,,,,true,,,,,,,Wikani nambala yakunjilira kuti mujure fomuyi,
monitoring--unlock,monitoring,,Unlock,tsegulani,,,,true,,,,,,,Jurani,
mw:climate.chart.end.definition,climate,,Last occurrence between 1 Oct and 30 Apr with 10 mm rainfall,,,,,,,,,,,,,mw
mw:climate.chart.extreme_rainfall_days.definition,climate,,Rainy days with at least 50mm,,,,,,,,,,,,,mw
mw:climate.chart.length.definition,climate,,Number of days between start and end of the rains,,,,,,,,,,,,,mw
mw:climate.chart.rainfall.definition,climate,,Total rainfall per year from start of the rains to end of the season,,,,,,,,,,,,,mw
mw:climate.chart.start.definition,climate,,First occurrence from 1 Oct with at least 25 mm of rainfall over 3 consecutive days (with no dry spell of length 9 in the next 21 days),,,,,,,,,,,,,mw
mw:climate.chart.temp_max.definition,climate,,The mean maximum and highest maximum daily temperatures per year,,,,,,,,,,,,,mw
mw:climate.chart.temp_min.definition,climate,,The mean minimum and lowest minimum daily temperatures per year,,,,,,,,,,,,,mw
option--activities,option,,Activities,Zochitika,Shughuli,Фаъолият,Zinchito,true,,,,,,,,
option--add,option,,Add,Onjezerani,,,Onjezani,,Ukulundapo,Amusanganye,kubeha,kusha,kuvwanga,Hakilaho,Sazgiranipo,
option--addoption,option,,Add Option,Onjezerani chisankho,,,Onjezani Njira,,Ukulundako ifyakusalapo,Amusanganye naamulayanda,kubeha zaku keta,kusha zhakusakula,kuvwanga byomwasala,Hakilaho jila yikwavo,Sazgiranipo chakusankha,
option--and,option,,and,ndi,,,ndipo,,Kabili,Alimwi kwiindulula,mane,ni,ne,Na,na,
option--bad,option,,Bad,kusachita bwino,,,Zoipa,true,Ububi,Nkukakilwa mwacita bubi,Ze maswe,kutama,byatama,Kupihya,Chiheni,
option--benefit,option,,benefit,Phindu/Ubwino,,,Phindu,,Ukukwata,Nkuba aampindu,ze fumanwa,kuwaninamu,byakumwenamo,Nganyo,Phindu,
option--benefits,option,,Benefits,Phindu,,,Mapindu,,Ukumwenamo,Nkuba aampindu zyinji,Zaku fumana,kuwaninamu,bintu byawama bymwamwenamo,Jinganyo,Phindu,
option--benefitsandwho,option,,Benefits and who,"Phindu ndiamene amapindula ",,,Mapindu ndi Ndani,,Fisuma kabili nani,Nkuba aampindu alimwi nguni,Zaku fumana mi ki mang'I,kuwaninamu ni hinyi,bamwenamo ne bananyi,Jinganyo neya,Phindu na uyo waphindula,
option--both,option,,Both,Zonse ziwiri,,,Zonsezi,,Bonse,Nkucita zyoonse,amoho,zhezhima,bonse pamo,Vosena vavali,Vysose viwiri,
option--crop,option,,Crop,mbewu,,кишт,zokolora,true,,,,,,,,
option--cropoptions,option,,Crop Options,Zisankho zokhudza Mbewu,,,Zosankha za Mbeu,,Ifyakusalapo ifyakulima,Nkusala cisyango ncomuyanda,Za ku keta peu,yisakula ya mbutu,kusalapo bijimwa,Mbuto ikwavo,Visankho vyakukhwaskana na mbewu,
option--days,option,,Days,Masiku,Siku,Рӯзҳо,Masiku,true,,,,,,,,
option--decisions,option,,Decisions,Ziganzo,,,Zosankha,,Ifya kusalapo,Nkusala cakucita,Za ku keta,zhimunasakuli,bintu byomwafukula,Vishinganyeka,Udumuliro,
option--female,option,,Female,Mkazi,,,Mkazi,,Umwanakashi,Bamakaintu mamambe,Musali,mumbanda,wamukazhi,Pwevo,Mwanakazi,
option--finish,option,,Finish,Malizitsani,,,Malizitsani,,Ukupwisha,Nkumanizya,Ma felelezo,kumanisha,kupwisha,Kumisa,Malizgani,
option--good,option,,Good,Kuchita bwino,,,Zabwino,true,Cisuma,Nkucita bubotu,Zende,zhazhiwahi,kyawama,Chamwaza,Chiwemi,
option--high,option,,High,Zambiri,,,Zapamwamba,,Pamulu,Nkusumpuka,Fa halimu,hewulu,peulu,Helu,Kukwera,
option--investment,option,,Investment,Zolowetsa,,,Kuyika Ndalama,,Ukubika indalama,Nkuyaka akucita makwebo,Kubeha masheng'I,kwingízha madi muwuselewa,maali abunonshi,Kusekasana,Vyakunjizga mu bizinesi,
option--investmentintermsofmoneyandtime,option,,Investment in terms of money and time,Zolowesa kumbali yandalama ndi nthawi,,,Kuyika Ndalama Potengera Ndalama ndi Nthawi,,Ukubika indalama mu milandu ya ndalama ne shita,Nkuyobola mali alimwi kulanganya aciindi,Kubeha masheleng'I mwa nako kapa mali,kwingízha madi muwuselewa nikwingízha mpiji,bunonshi bwa maali ne kimye,Kusekasana kuhichila mu jimbongo na lwola,Vyakunjizga kukhwaskana na ndalama panji nyengo,
option--livelihood,option,,Livelihood,Bizinesi,,,Moyo Wabwino,,Imikalile,Nkucinca bukkale bwanu,Buino,chihandilu,bintu byakwingila ne kwikwasha nabyo,Chiyoyelo,Bizinesi,
option--livelihoodoptions,option,,Livelihood Options,Ma bizinesi omwe mutha kusankhapo,,,Zosankha Zokhudza Moyo,,Ukusalapo imikalile,Nkusala kusala kucinca bukkale bwanu,za kuketa buino,kusakula chihandilu,kusala kwabintu bya kwingisha,Chiyoyelo chikwavo,Visankho vyakukhwaskana na bizinesi,
option--livestock,option,,Livestock,ziweto,,чорвоӣ,ziweto,,Inama,Nkuvwuba zyivwubwa,Limunanu,yimuna,bilelwa,Vimuna,Viweto,
option--livestockoptions,option,,Livestock Options,Ulimi waziweto omwe mutha kusankhapo,,,Zosankha Za ziweto Zolima,,Ukusalapo inama,Nkusala kuvwuba zyivwubwa,Limunanu,kusakula yimuna,kusala bilelwa,Vimuna vakwavo,Kusankha kwakukhwaskana na viweto,
option--low,option,,Low,Zotsika,,,Zapansi,,Ukucepa,Nkutakutauka akubula mpindu,Ze inyani,mwishina,munshi,Mwishi,Kukhira,
option--male,option,,Male,Mamuna/chachimuna,,,Mwamuna,,Umwaume,Basankwa mamambe,Muna,iyala,wamulume,Lunga,Mwanalume,
option--medium,option,,Medium,Pakatikati,,,Zapakati,,Ukulinga,Kuba akati-kati,Za fahali,mweseka,waesakana,Vamweseke,Pakatikati,
option--mid,option,,Mid,Pakati,,,Zapakati pa Nyengo,,Pakati,Kuba ivwula koyiwa akati-kati,Fa hali,hakachi,pakachi,Hakachi na kachi,Pakati,
option--money,option,,Money,ndalama,,пул,ndalama,,Indalama,Kuba aamali,Masheleng'i,madi,maali,Jimbongo,Makopala panji ndalama,
option--months,option,,Months,Miyezi,Miezi,моҳҳо,Miyezi,,Imyeshi,Kutobela myeezi,Likweli,tukwezhi,banondo,Tukweji,Myezi,
option--nameofpractice,option,,Name of practice,Dzina la business,,,Dzina la Kachitidwe,,Ishina lya mibombele,Musyobo wakulima ngomubelesya,Libizo la muezezo,izina danyidimu,jizhina ja bintu byomukeba kuba,Lijina lya vikilikita,Zina la ivyo mukuchita panji bizinesi,
option--negative,option,,Negative,,,,,,,,,,,,,
option--neutral,option,,Neutral,Pakatikati/ndilibe mbali,,,Wosasankha mbali,,Pakati,Nkuba akati-kati,Kusa ketuluwa,kwikala hakachi,kwikalatu pakachi,Hakachi kachi,kukhala kwambula luwande,
option--only,option,,Only,Basi,,,Zokha,,fye,Kusala comwe,Ona ze fela,hohu,byonkabyo bunke,Chimwe kaha,Pera,
option--performance,option,,Performance,Momwe zikuyendera/momwe zikugwilira ntchito,,,Kuchita Bwino,,Imibombele,Nkucita buyandika kukutauka,Muezezo,chipimu chakwila nyidimu,kwingila mingila bulongo,Milimo,Umo vikuyendera,
option--performanceinhighmidandlowrainfall,option,,"Performance in high, mid and low rainfall","Kuchuluka kwa zokolola, ziweto, kapena phindu munyengo yomwe kwagwa mvula yambiri, yapakatikati, kapena yochepa .",,,"Kuchita Bwino mu Mvula Yambiri, Yochepa, ndi Yapakati-kati",,"Ukubomba mu mfula iikalamba, iya pakati ne iyacepa","Nkucita bweelende kuba ivwula koyiwa kapati, kuba ivwula koyiwa akati-kati antela kuba ivwula koyiwa asyoonto","Muezezo mwa bungata, fahali, buinyani bwa pula","chipimu chakunoka nvula cha hewulu, hakachi niheshina",kwingila bulongo pakachi ne kumpelo ya yeo mwingilo,"Vikilikita vya havula yayinene,vya hakachi na vula ya mweseke","Vula yikuwa mwakukwera chomene (Yinandi), pakatikati, mwakukhira (Yichoko)",
option--positive,option,,Positive,Zabwino,,,,,,,,,,,,
option--practice,option,,Practice,Zochita,,,Kachitidwe,,Ukusambila,Nkubelesya musyobo wabulimi ngomuyanda,Kueza,kwila,bintu byomuba kimye kyonse,Kuzata chalwola josena,Ivyo tikupaka panji umo tikupangira,
option--risk,option,,risk,Chipsyezo,,,Chiopsezo,,Ubwafya,Nkuba aatenda,Butata,kukala,makatazho,Kutwala ku kuvindama,Chofyo,
option--risks,option,,Risks,Ziopsyezo,,,ziopsezo,,Amafya,Nkuba aatenda zyinji,Matata,makukala,makatazho ne bulwanyi abo bwiya,kutwala ku kuvindama chachinene,Vyofyo,
option--risksordisadvantages,option,,Risks or disadvantages,Ziopsyezo kapena zoipa,,,Ziopsezo Kapena Zopindulitsa Zochepa,,A ne fibi,Nkuba aatrenda zyinji alimwi akuba kulubaazu lubi,Matata kapa lishemaita,makukala hela kutama,makatazho ne pokyatamina,Kuvindama chachivulu chipwe ukalu,Vyofyo panji uheni wake,
option--selectenterprise,option,,Select Enterprise,sankhani mtundu wa bizinezi,Chagua Enterprise,Корхона интихоб кунед,sankhani makampani,true,,,,,,,,
option--time,option,,Time,Nthawi,,,Nthawi,,Nshita,Kubona ciindi,Nako,mpiji,kimye,Lwola,Nyengo,
option--timetostartbenefiting,option,,Time to start benefiting,Nthawi yomwe imatenga kuti kupindula kuyambike,,,Nthawi Yoyamba Kupindula,,Inshita iya kutendeka ukunonkelamo,Ciindi cakutalika kuba aampindu,Nako yaku kala ku fumana,mpiji yakutachika kuwaninamu,kimye kyakutendeka kumwenamo,Lwola lwa kuputuka ku nganyala,Nyengo yakuyambira kusanga phindu,
option--weeks,option,,Weeks,Masabata,,ҳафтаҳо,Masabata,,Imilungu,Ivwiki zyakutalika kulima,li sunda,nyilungu,milungu,Vyalumingo,Masabata,
option--whodoesactivity,option,,Who does activity,Amagwira ntchito imeneyi ndani?,,,Ndani Amachita Ntchito,,Nani uucita umulimo,Ino nguni uukutauka mulimo,ki ma'ngi yaeza musebezi,hinyi wazatangá nyidimu,bananyi bengila yeo mwingilo?,Hiya eji kuzatanga,Ninjani wakupanga ncthito,
option--whodoestheactivity,option,,Who does the activity,Amagwira ntchito imeneyi ndani?,,,Ndani Amachita Ntchito,,Nani uucita umulimo,Ino nguni uukutauka milimo,ki ma'ngi yaeza musebezi,hinyi welangá iwu mudimu,bananyi bengila yeo mwingilo?,Hiya eji kuzatanga,Ninjani wakupanga ncthito iyi,
option--whomakesdecisions,option,,Who makes decisions,Ndi ndani yemwe amapanganga ziganizo?,,,Amapanga Zosankha Ndani,,Nani upingula,Ino nguni uupanga milawo,ki ma'ngi ya keta,hinyi watondangá,bananyi bafukula?,Hiya mukakutunga jishimbi,Ninjani uyo wakupanga udumuliro,
resources--collectionnotfound,resources,,Collection not found,Kutolera sizikupezeka (Zomwe mumafufuza sizinapezeke),,,Zokonzedwa bwino sizikupezeka,,Ukulonganika takwasangilwe,Kuti tiimwajana,zakubehela amoho azisika fumanwa,zhinashewi hamu zhinawaniki wanyi,byonse byomwakokozha kechi byatanwa ne,Mukungu wangana kavaunyineko,Yindasangike,
resources--collections,resources,,Collections,Zotolera,,,Zosonkhanitsa,,Ukulonganika,Zyakujana,za ku behela amoho,zhakusha hamu,bintu byomwakokozha,Mukungu wangana,Vyakutolera,
resources--downloadall,resources,,Download All,Pangani download zonse,,,chitani daunilodi Zonse,,Ukusenda fyonse,Kubweza zyoonse kwiinda muluwaile antela computer,mu fumane kaufela,ingézhenu zhezhima,kwikizha byonse pakamulupi,Sokolola vyosena,"Tolani panji pangani download) vyose ",
resources--downloaded,resources,,Downloaded,Zomwe zapangidwa kale download,,,Zatsitsidwa,true,Ifikopolwele,Zyakazyisyigwa kwiinda muluwaile antela computer,ze fumanwa,zhinengíli,byonse byomwaikizha,Vanavisokolola,Vyakutoleka Panji downloaded),
resources--downloading,resources,,Downloading,Kutsitsa,,,,,,,,,,,,
resources--files,resources,,Files,Mafayilo,,,Zikwatu,,Amafailo,Kujana mumapepa (files),li pampili,yipampilu,mulumba wama sabwakya,Mikanda,Mafayelo,
resources--inputatleast3letterstosearch,resources,,Input at least 3 letters to search,Lowetsani zilembo zosachepera zitatu kuti mufufuze,,,Lembani Osachepera zilembo zitatu Kuti Mufufuze,,Bikeni pa ntanshi amaslembo yatatu aya kufwaya,Amulembe mabala aali otatwe 3 ciindi nomuyandaula aluwaile antela a computer,mu ngole ma letala yamalalu fakubata,sonekaku zhinsona hela zhisatu kulonda uwani zhiwunakukengá,nemba kwingijisha bishina bisatu,Kuhakilaho vasona 3 numba utondetonde,Njizgani malemba ghatau kuti mupenje,
resources--links,resources,,Links,Malinki,,,Mauthenga/mapulogilamu olumikizira,,Ukusuntinkanya,Mutupango pangngo twapegwa (links),zakufumana,zakukobwesha,misabilo ya kwimutwala kubintu bikwabo,Lijijjila,Malinki,
resources--managedownloads,resources,,Manage Downloads,Kugwiritsa ntchito zomwe tapanga kale download,,,Kuwongolera Zotsitsa,,Kwanisheni ifya kukopa,Amukwanisye kuzyisya aluwaile antela a computer,kubabalea zemu fumani,kutalila zhimunengízhi mu shingá yenu,kulama bulongo bintu byomwaikizha,Hasa kusokolola,Kupwererela ivyo tapanga download,
resources--noresultsfound,resources,,No results found,Palibe zotsatira zomwe zapezeka,,,Palibe Zotsatira Zopezeka,,Tapali ifyasangwa,Kwiina acatondezyegwa mwamana kusondela aluwaile antela a computer,hakuna zefumanwa,kosi zhinawanika,kafwako sabwakya wamweka ne,Nevi tunawane vyauchi,Ivyo tapenjanga vindasangike,
resources--search,resources,,Search,Fufuzani,,,Fufuzani,,Fwayeni,Amuyandaule aluwaile alimwi aa computer,kubata,kukengákengá,kukeba,Tonda tonda,Penjani,
resources--searchresources,resources,,Search Resources,Zothandiza kufufuza,,,Fufuzani Zothandizira,,Ukufwaya ifyakubomfya,Amuyandaule milumbe aluwaile alimwi aa computer,mu bate zakumitusa,kukengákengá mwakuwanina madi,kukeba mwaba wa maali ne bintu,Tonda tonda vyuma-luheto,Penjani vyakugwriskira ntchito,
resources--size,resources,,Size,Sayizi/mulingo,,,Kukula,true,Icalinga,Mbuli mboibende kuceya atela kukomena,Ku hula,chipimu,nsaishi yakubaya,Seteko,Sayizi,
resources--title,resources,,Title,mutu,,Ном,mutu,true,,,,,,,,
resources--type,resources,,Type,Mtundu,,,Mtundu,true,Umusango,Musyobo,mufuta,muchidi,mutundu,Kupwa chavyo,Mtundu,
resources-videos-croplivestockandlivelihoodoptions,resources,videos,"Crop, Livestock and Livelihood Options","zisankho za mbeu, ziweto ndi ndondomeko zopezera ndalama",,,,,,,,,,,,
resources-videos-digitalskillsintroduction,resources,videos,Digital Skills Introduction,"Ukadaulo komanso luso lotha kugwiritsa ntchito makina a compyuta, mafoni amakono, komanso makina a intaneti",,,Chiyambi cha Maluso a tsopano,,Ukumilangilila ifya kubomfya kompyuta,Imatalikilo aamilumbe yazyipekupeku aluwailwe,mangusa a misebezi ya fa luwaile,kuvumbula kutangísha zhahampepela,kulumbulula lufunjisho lwakwingijisha kamulupi,Kujimbula chinyingi chamakina,Kumanyiska umo tingagwiritsira ntchito makina panji mafoni ghithu ghamumawoko,
resources-videos-historicalclimateinformation,resources,videos,Historical Climate Information,"mbiri ya nyengo ",,,,,,,,,,,,
resources-videos-historicclimateoperational,resources,videos,Historic Climate - Operational,kagwiritsidwe ntchito ka mbiri ya nyengo,,,,,,,,,,,,
resources-videos-howtocreateyourowncontent,resources,videos,How to Create Your Own Content,Mmene mungapangire makanema anu panokha,,,M'mene mungapangile zopanga zanuzanu,,Ifyo wingapanga ifyenu ifyabamo,Ibwakupanga milumbe yanu,mwa ku pangela mikwa yamina,mwakutungíla nsangú yenu awenenu,byomwafwainwa kulenga bintu byomukeba,Mujila watela kutunga vilongeselo vyove,Naumo wungapangira ivyo ukukhumba kuti wanthu wa werengenge,
resources-videos-howtodownloadandinstallapps,resources,videos,How to Download and Install Apps,Mmene tikapangire download komanso kuika ma app,,,m'mene mungachitile daunilodi mapulogilami na kuyaika pa zipangizo,,Ifyo wingakopolola no kubikamo app,Ibwakupanga akuyobola (Download) akubikka tupango (Intal Apps),mwa kuezeza ni ku beha mikwa yakuitusisa fa luwaile,mwangízhila ma app mu shingá yenu,byomwafwainwa kwikizha mitanchi,Mujila watela kusokolola nakulama chinyingi chamakina,Naumo tingapangira download nakuchita install ma App,
resources-videos-howtokeepyourdeviceoperational,resources,videos,How to Keep Your Device Operational,Mmene tingapange kuti makina azigwira ntchito bwino nthawi zonse,,,M'mene mungaonetsetsele kuti zipangizo zanu zikugwirabe ntchito,,Ifyo mwingasunga ifibombelo fyenu ukubomba,Ibwakuyobola zyomwabweza acipekupeku,mwa ku bulukela lipangaliko za mina ku sebeza,mwakuhembala nshingá kulonda yizati chiwahi,byomwafwainwa kulama bulongo kamulupi,Mujila watela kulamina likina lyove nakulizachisa,Naumo tingasungira matelefoni ghithu kuti ghalutilire kugwira ntchito,
resources-videos-howtosearchforandevaluatedigitalinformation,resources,videos,How to Search for and Evaluate Digital Information,"Mmene tingafufuzire komanso kuika pasikero mauthenga opezeka pafoni, pa intaneti komanso pakompyuta",,,M'mene mungafufuzire ndi kuunguza uthenga pa zipangizo zamakono,,Ifyo mwingafwaya no kupima amashiwi ya pa kompyuta,Ibwakuyandaula milumbe acipekupeku antela aluwaile,mwa ku batela ni ku ziba mangusa fa luwaile,mwakukengéla nakushinshika nsangú yahampepela,byomwafwainwa kukeba ne kupituluka masabwakya pakamulupi,Mujila mwatela kusandasanda nakukhukulula mijimbu ili muchinyingi makina,Umo tingapenjera nakusakatula mauthenga pa makina panji mu ma telefoni ghamumawoko,
resources-videos-howtosharecontentwithothers,resources,videos,How to share content with others,Mmene tingagawanirane vidiyo ndi amnzathu,,,M'mene mungagawileko ena zopanga zanuzanu,,Ifyo wingashimikilako bambi ifyabamo,Ibwakwaabana milumba,mwa ku hapanela lika ni babamu,mwakwinkila nsangú yenu kudi akwenu,byomwafwainwa kwabanya masabwakya na bantu bakwabo,Mwakuhanyiko vakwenu vyuma vyamuchisweko chove,Umo tingagawirana ivyo tilinavyo na wanyithu,
resources-videos-introoperational,resources,videos,Intro - Operational,,,,,,,,,,,,,
resources-videos-optionsoperational,resources,videos,Options - Operational,,,,,,,,,,,,,
resources-videos-participatorybudget,resources,videos,Participatory Budget,,,,,,,,,,,,,
resources-videos-participatorybudgetsoperational,resources,videos,Participatory Budgets - Operational,,,,,,,,,,,,,
resources-videos-picsaintro,resources,videos,Picsa Intro,,,,,,,,,,,,,
resources-videos-probabilityandrisk,resources,videos,Probability and Risk,,,,,,,,,,,,,
resources-videos-resourceallocationmap,resources,videos,Resource Allocation Map,,,,,,,,,,,,,
resources-videos-seasonalcalendar,resources,videos,Seasonal Calendar,,,,,,,,,,,,,
resources-videos-seasonalforecast,resources,videos,Seasonal Forecast,,,,,,,,,,,,,
resources-videos-shorttermforecast,resources,videos,Short Term Forecast,,,,,,,,,,,,,
seasonalcalendar--calendarname,seasonal-calendar,,Calendar name,Dzina la kalendala,,,Dzina la Kalendala,,Ishina lya kalenda,Izyina lya kalenda,li bizo la Kalenda,izina dakalenda,mutundu wa wanembwa wa mingilo ikebewa,Lijina lya kalenda,Zina la kalendala,
seasonalcalendar--calendartime,seasonal-calendar,,Calendar Time,Nyengo pakalendala,,,Nthawi ya Kalendala,,Inshita ya kalenda,Nciindi ca kalenda,nako ya kalenda,mpiji yakalenda,kimye kya kwingila mingilo,Lwola lwa kalenda,Nyengo pa kalendala,
seasonalcalendar--copy,seasonal-calendar,,Copy,Koperani,,,Koperani,,Ukukopa,Amube ayalo,mu kopise,imbujola,kukopolola byonse,Kopolola,Koperani,
seasonalcalendar--create,seasonal-calendar,,Create,Pangani,,,Pangani,,Ukupanga,Amupange,mu pange,kutungá,kulenga,Tenga,Lengani panji pangani,
seasonalcalendar--createcalendar,seasonal-calendar,,Create Calendar,,,,,true,,,,,,,,
seasonalcalendar--examplecalendar,seasonal-calendar,,Example Calendar,Kalendala ya chitsanzo,,,Chitsanzo cha Kalendala,,Icilangililo ca kalenda,Mukozyanyo wa kalenda,kalenda ya mutala,chifwikizha cha kalenda,kimwesho kya mingilo yatanchikwa kwingila,Chinjikizo chakalenda,Kalendala yakuyezgerera,
seasonalcalendar--name,seasonal-calendar,,Name,Dzina,,,Dzina,,Ishina,Amubone kuti kuli zyina,libizo,izina,jizhina,Lijina,Zina,
seasonalcalendar--nosavedcalendars,seasonal-calendar,,No saved calendars,Palibe kalendala yomwe yasungidwa,,,Palibe makalendala osungidwa,,Tapali ama kalenda yasungilwe,Amubone kuti kwiina kalenda jomwakayobola,hakuna li kalenda ze bulukilwe,kosi makalenda anahembewi,kafwako sabwakya wamweka ne,Kakwesi kalenda valamako,Palije kalendala yakusungika,
seasonalcalendar--numberofmonths,seasonal-calendar,,Number of Months,Nambala ya miyezi,,,Chiwerengero cha Miyesedwa (miyezi),,Impendwa ya myeshi,Amubikke mbuli mboyibende kuvwula myeezi,Nambolo ya likweli,nambala yatukwezhi,nambala ya banondo,Namabala ya tukweji,Nambala ya myezi,
seasonalcalendar--pleaseaddtitle,seasonal-calendar,,Please add title,Chonde lembe mutu,,,Chonde Onjezani Mutu,,Mukwai lundako umutwe,Kaka amubikke mutwe wamakani,mu ngole,shenu mutu wasangú,vwangaipo mutwe,Anuka kuhakaho mutwe wa chihande,Pulizi sazganipo mutu,
seasonalcalendar--pleaseenterstartmonth,seasonal-calendar,,Please enter start month,Chonde lembani mwezi oyambira,,,Chonde Lowetsani Mwezi Woyamba,,Mukwai lembeni umweshi wa kutendeka,Kaka amubikke myezi wakusaanguna,mu ngole kweli yakukalela,shenu kakwezhi kakutachika,bikaipo nondo yemukeba kwingila,Anuka kuhakaho kakweji wakuputukilaho,Pulizi njizgani mwezi wakuyambira,
seasonalcalendar--pleaseentertotalmonths,seasonal-calendar,,Please enter total months,Chonde lowetsani nambala yamiyezi yonse,,,Chonde Lowetsani Chiwerengero chinse cha miyezi (miyezi),,Mukwai lembeni imyeshi yonse,Kaka amubikke myezi kusanganya yoonse,mu ngole li kweli kaufela,shenu nambala yatukwezhi twezhima,bikaipo banondo bonse,Anuka ku hakaho tukweji vosena,Pulizi njizgani nambala yamwyezi yose para mwasazga,
seasonalcalendar--pleaseselectatleast1crop,seasonal-calendar,,Please select at least 1 crop,Chonse sankhani mbeu yosachepera imodzi,,,Chonde Sankhani Osachepera Mbeu Imodzi,,Mwakwai saleni icilimwa nangu cimo fye,Kaka amusale cisyango comwe,mu kete peu ilimo,sakulenu hela mbutu yimu,salai kijimwa,Anuka kusakulaho mbuto numba imwe kaha,Pullizi sankhani mbewu yimoza pera,
seasonalcalendar--savecopy,seasonal-calendar,,Save Copy,Sungani kope,,,Sungani Kopi,,Sunga icikope,Amuyobole kalenda,kubuluka pampili,hembenu chifwikizha,sungai byomwanemba,Lama mukanda umwe,Sungani kope,
seasonalcalendar--savedcalendars,seasonal-calendar,,Saved Calendars,Makalendala omwe tasunga,,,Makalendala Osungidwa,,Ama kalenda ayasungilwe,Makalenda ngomwakayobola,kalenda ye bulukilwe,makalenda anahembewi,sungai bintu byomwanengezha kwingila,Lama jikalenda,Makalendala agho ghasungika,
seasonalcalendar--seasoncrops,seasonal-calendar,,Season Crops,mbeu zanyengo imeneyo,,,Mbeu Za pa nthawi,,Ifilimwa fya nshita,Zyisyango zyaciindi eeco,li peu ze limiwa ka li kweli,mbutu yamuyilaaka,bijimwa byomukeba kujima pakyokyo kimye,Vimbuto vya hangonde,Mbewu za munyengo,
seasonalcalendar--startmonth,seasonal-calendar,,"Start Month ",Mwezi oyambira,,,Yambani Mwezi,,Ukutendeka kwa mweshi,Mwenzi watalika,kukala kweli,kakwezhi kakutachika,nondo wakutendekelapo yeo mwingilo,Kapweji naputuka,Mwezi wakuyambira,
zm:climate.chart.end.definition,climate,,First occurrence from 1 Mar where water balance reduces to 0.5 mm from an initial capacity of 100mm with an assumed evaporation rate of 5mm/day,,,,,,,,,,,,,zm
zm:climate.chart.length.definition,climate,,Number of days between start of the rains and end of the season,,,,,,,,,,,,,zm
zm:climate.chart.start.definition,climate,,First occurrence from 1 Oct with at least 20 mm of rainfall over 3 consecutive days (with no dry spell of length 9 in the next 21 days),,,,,,,,,,,,,zm
zw:climate.chart.end.definition,climate,,"First occasion, after end of rains and before 30 June when soil moisture level is less than zero",,,,,,,,,,,,,zw
zw:climate.chart.length.definition,climate,,Number of days from Start of Season to End of Season,,,,,,,,,,,,,zw
zw:climate.chart.rainfall.definition,climate,,Seasonal rainfall totalled from 1 Oct to 30 Apr,,,,,,,,,,,,,zw
zw:climate.chart.start.definition,climate,,"First occasion, from 1 Oct to 31 Jan, with more than 20 mm of rainfall in 3 days",,,,,,,,,,,,,zw